{
"type": "FeatureCollection",
"name": "vfdxid",
"crs": { "type": "name", "properties": { "name": "urn:ogc:def:crs:OGC:1.3:CRS84" } },
"features": [
{ "type": "Feature", "properties": { "marketLat": 10.007357, "marketLon": 38.244288 }, "geometry": { "type": "Point", "coordinates": [ 38.244288, 10.007357 ] } },
{ "type": "Feature", "properties": { "marketLat": 10.008338, "marketLon": 38.888313 }, "geometry": { "type": "Point", "coordinates": [ 38.888313, 10.008338 ] } },
{ "type": "Feature", "properties": { "marketLat": 10.022, "marketLon": 39.250403 }, "geometry": { "type": "Point", "coordinates": [ 39.250403, 10.022 ] } },
{ "type": "Feature", "properties": { "marketLat": 10.058492, "marketLon": 38.99179 }, "geometry": { "type": "Point", "coordinates": [ 38.99179, 10.058492 ] } },
{ "type": "Feature", "properties": { "marketLat": 10.121568, "marketLon": 39.658728 }, "geometry": { "type": "Point", "coordinates": [ 39.658728, 10.121568 ] } },
{ "type": "Feature", "properties": { "marketLat": 10.195795, "marketLon": 39.013435 }, "geometry": { "type": "Point", "coordinates": [ 39.013435, 10.195795 ] } },
{ "type": "Feature", "properties": { "marketLat": 10.201585, "marketLon": 39.087502 }, "geometry": { "type": "Point", "coordinates": [ 39.087502, 10.201585 ] } },
{ "type": "Feature", "properties": { "marketLat": 10.222908, "marketLon": 38.692026 }, "geometry": { "type": "Point", "coordinates": [ 38.692026, 10.222908 ] } },
{ "type": "Feature", "properties": { "marketLat": 10.227326, "marketLon": 39.446611 }, "geometry": { "type": "Point", "coordinates": [ 39.446611, 10.227326 ] } },
{ "type": "Feature", "properties": { "marketLat": 10.248695, "marketLon": 37.839607 }, "geometry": { "type": "Point", "coordinates": [ 37.839607, 10.248695 ] } },
{ "type": "Feature", "properties": { "marketLat": 10.275642, "marketLon": 38.918611 }, "geometry": { "type": "Point", "coordinates": [ 38.918611, 10.275642 ] } },
{ "type": "Feature", "properties": { "marketLat": 10.301513, "marketLon": 37.460582 }, "geometry": { "type": "Point", "coordinates": [ 37.460582, 10.301513 ] } },
{ "type": "Feature", "properties": { "marketLat": 10.306925, "marketLon": 39.661424 }, "geometry": { "type": "Point", "coordinates": [ 39.661424, 10.306925 ] } },
{ "type": "Feature", "properties": { "marketLat": 10.336209, "marketLon": 39.963142 }, "geometry": { "type": "Point", "coordinates": [ 39.963142, 10.336209 ] } },
{ "type": "Feature", "properties": { "marketLat": 10.359662, "marketLon": 34.760174 }, "geometry": { "type": "Point", "coordinates": [ 34.760174, 10.359662 ] } },
{ "type": "Feature", "properties": { "marketLat": 10.418785, "marketLon": 39.256474 }, "geometry": { "type": "Point", "coordinates": [ 39.256474, 10.418785 ] } },
{ "type": "Feature", "properties": { "marketLat": 10.441177, "marketLon": 38.983858 }, "geometry": { "type": "Point", "coordinates": [ 38.983858, 10.441177 ] } },
{ "type": "Feature", "properties": { "marketLat": 10.444375, "marketLon": 37.892709 }, "geometry": { "type": "Point", "coordinates": [ 37.892709, 10.444375 ] } },
{ "type": "Feature", "properties": { "marketLat": 10.453739, "marketLon": 38.203665 }, "geometry": { "type": "Point", "coordinates": [ 38.203665, 10.453739 ] } },
{ "type": "Feature", "properties": { "marketLat": 10.471365, "marketLon": 38.892951 }, "geometry": { "type": "Point", "coordinates": [ 38.892951, 10.471365 ] } },
{ "type": "Feature", "properties": { "marketLat": 10.482621, "marketLon": 37.022317 }, "geometry": { "type": "Point", "coordinates": [ 37.022317, 10.482621 ] } },
{ "type": "Feature", "properties": { "marketLat": 10.500355, "marketLon": 37.994753 }, "geometry": { "type": "Point", "coordinates": [ 37.994753, 10.500355 ] } },
{ "type": "Feature", "properties": { "marketLat": 10.531197, "marketLon": 36.891257 }, "geometry": { "type": "Point", "coordinates": [ 36.891257, 10.531197 ] } },
{ "type": "Feature", "properties": { "marketLat": 10.547768, "marketLon": 39.937533 }, "geometry": { "type": "Point", "coordinates": [ 39.937533, 10.547768 ] } },
{ "type": "Feature", "properties": { "marketLat": 10.581201, "marketLon": 38.994755 }, "geometry": { "type": "Point", "coordinates": [ 38.994755, 10.581201 ] } },
{ "type": "Feature", "properties": { "marketLat": 10.591003, "marketLon": 39.43603 }, "geometry": { "type": "Point", "coordinates": [ 39.43603, 10.591003 ] } },
{ "type": "Feature", "properties": { "marketLat": 10.58908, "marketLon": 38.761156 }, "geometry": { "type": "Point", "coordinates": [ 38.761156, 10.58908 ] } },
{ "type": "Feature", "properties": { "marketLat": 10.600483, "marketLon": 39.921723 }, "geometry": { "type": "Point", "coordinates": [ 39.921723, 10.600483 ] } },
{ "type": "Feature", "properties": { "marketLat": 10.602583, "marketLon": 36.862372 }, "geometry": { "type": "Point", "coordinates": [ 36.862372, 10.602583 ] } },
{ "type": "Feature", "properties": { "marketLat": 10.608733, "marketLon": 36.081014 }, "geometry": { "type": "Point", "coordinates": [ 36.081014, 10.608733 ] } },
{ "type": "Feature", "properties": { "marketLat": 10.612097, "marketLon": 39.083275 }, "geometry": { "type": "Point", "coordinates": [ 39.083275, 10.612097 ] } },
{ "type": "Feature", "properties": { "marketLat": 10.625365, "marketLon": 40.309835 }, "geometry": { "type": "Point", "coordinates": [ 40.309835, 10.625365 ] } },
{ "type": "Feature", "properties": { "marketLat": 10.645354, "marketLon": 36.946427 }, "geometry": { "type": "Point", "coordinates": [ 36.946427, 10.645354 ] } },
{ "type": "Feature", "properties": { "marketLat": 10.658944, "marketLon": 38.160775 }, "geometry": { "type": "Point", "coordinates": [ 38.160775, 10.658944 ] } },
{ "type": "Feature", "properties": { "marketLat": 10.662905, "marketLon": 39.164566 }, "geometry": { "type": "Point", "coordinates": [ 39.164566, 10.662905 ] } },
{ "type": "Feature", "properties": { "marketLat": 10.68738, "marketLon": 40.046693 }, "geometry": { "type": "Point", "coordinates": [ 40.046693, 10.68738 ] } },
{ "type": "Feature", "properties": { "marketLat": 10.703395, "marketLon": 37.177829 }, "geometry": { "type": "Point", "coordinates": [ 37.177829, 10.703395 ] } },
{ "type": "Feature", "properties": { "marketLat": 10.747103, "marketLon": 38.064089 }, "geometry": { "type": "Point", "coordinates": [ 38.064089, 10.747103 ] } },
{ "type": "Feature", "properties": { "marketLat": 10.747819, "marketLon": 38.75579 }, "geometry": { "type": "Point", "coordinates": [ 38.75579, 10.747819 ] } },
{ "type": "Feature", "properties": { "marketLat": 10.767042, "marketLon": 36.819331 }, "geometry": { "type": "Point", "coordinates": [ 36.819331, 10.767042 ] } },
{ "type": "Feature", "properties": { "marketLat": 10.793328, "marketLon": 39.053947 }, "geometry": { "type": "Point", "coordinates": [ 39.053947, 10.793328 ] } },
{ "type": "Feature", "properties": { "marketLat": 10.80132, "marketLon": 38.40893 }, "geometry": { "type": "Point", "coordinates": [ 38.40893, 10.80132 ] } },
{ "type": "Feature", "properties": { "marketLat": 10.850407, "marketLon": 37.593616 }, "geometry": { "type": "Point", "coordinates": [ 37.593616, 10.850407 ] } },
{ "type": "Feature", "properties": { "marketLat": 10.849558, "marketLon": 36.89451 }, "geometry": { "type": "Point", "coordinates": [ 36.89451, 10.849558 ] } },
{ "type": "Feature", "properties": { "marketLat": 10.852645, "marketLon": 37.024339 }, "geometry": { "type": "Point", "coordinates": [ 37.024339, 10.852645 ] } },
{ "type": "Feature", "properties": { "marketLat": 10.865556, "marketLon": 38.271163 }, "geometry": { "type": "Point", "coordinates": [ 38.271163, 10.865556 ] } },
{ "type": "Feature", "properties": { "marketLat": 10.869905, "marketLon": 39.174487 }, "geometry": { "type": "Point", "coordinates": [ 39.174487, 10.869905 ] } },
{ "type": "Feature", "properties": { "marketLat": 10.908262, "marketLon": 39.500023 }, "geometry": { "type": "Point", "coordinates": [ 39.500023, 10.908262 ] } },
{ "type": "Feature", "properties": { "marketLat": 10.922737, "marketLon": 39.789842 }, "geometry": { "type": "Point", "coordinates": [ 39.789842, 10.922737 ] } },
{ "type": "Feature", "properties": { "marketLat": 10.930781, "marketLon": 38.090745 }, "geometry": { "type": "Point", "coordinates": [ 38.090745, 10.930781 ] } },
{ "type": "Feature", "properties": { "marketLat": 10.957952, "marketLon": 36.500923 }, "geometry": { "type": "Point", "coordinates": [ 36.500923, 10.957952 ] } },
{ "type": "Feature", "properties": { "marketLat": 10.958659, "marketLon": 36.936142 }, "geometry": { "type": "Point", "coordinates": [ 36.936142, 10.958659 ] } },
{ "type": "Feature", "properties": { "marketLat": 10.979278, "marketLon": 37.208704 }, "geometry": { "type": "Point", "coordinates": [ 37.208704, 10.979278 ] } },
{ "type": "Feature", "properties": { "marketLat": 10.98292, "marketLon": 39.269851 }, "geometry": { "type": "Point", "coordinates": [ 39.269851, 10.98292 ] } },
{ "type": "Feature", "properties": { "marketLat": 10.998116, "marketLon": 37.426766 }, "geometry": { "type": "Point", "coordinates": [ 37.426766, 10.998116 ] } },
{ "type": "Feature", "properties": { "marketLat": 11.003409, "marketLon": 36.67743 }, "geometry": { "type": "Point", "coordinates": [ 36.67743, 11.003409 ] } },
{ "type": "Feature", "properties": { "marketLat": 11.078411, "marketLon": 37.877004 }, "geometry": { "type": "Point", "coordinates": [ 37.877004, 11.078411 ] } },
{ "type": "Feature", "properties": { "marketLat": 11.081917, "marketLon": 36.889875 }, "geometry": { "type": "Point", "coordinates": [ 36.889875, 11.081917 ] } },
{ "type": "Feature", "properties": { "marketLat": 11.10997, "marketLon": 37.56156 }, "geometry": { "type": "Point", "coordinates": [ 37.56156, 11.10997 ] } },
{ "type": "Feature", "properties": { "marketLat": 11.149161, "marketLon": 39.900731 }, "geometry": { "type": "Point", "coordinates": [ 39.900731, 11.149161 ] } },
{ "type": "Feature", "properties": { "marketLat": 11.156418, "marketLon": 36.342194 }, "geometry": { "type": "Point", "coordinates": [ 36.342194, 11.156418 ] } },
{ "type": "Feature", "properties": { "marketLat": 11.188866, "marketLon": 40.021853 }, "geometry": { "type": "Point", "coordinates": [ 40.021853, 11.188866 ] } },
{ "type": "Feature", "properties": { "marketLat": 11.220377, "marketLon": 37.676738 }, "geometry": { "type": "Point", "coordinates": [ 37.676738, 11.220377 ] } },
{ "type": "Feature", "properties": { "marketLat": 11.238921, "marketLon": 39.241574 }, "geometry": { "type": "Point", "coordinates": [ 39.241574, 11.238921 ] } },
{ "type": "Feature", "properties": { "marketLat": 11.257583, "marketLon": 37.485656 }, "geometry": { "type": "Point", "coordinates": [ 37.485656, 11.257583 ] } },
{ "type": "Feature", "properties": { "marketLat": 11.281034, "marketLon": 39.543017 }, "geometry": { "type": "Point", "coordinates": [ 39.543017, 11.281034 ] } },
{ "type": "Feature", "properties": { "marketLat": 11.298043, "marketLon": 36.23736 }, "geometry": { "type": "Point", "coordinates": [ 36.23736, 11.298043 ] } },
{ "type": "Feature", "properties": { "marketLat": 11.311068, "marketLon": 39.681353 }, "geometry": { "type": "Point", "coordinates": [ 39.681353, 11.311068 ] } },
{ "type": "Feature", "properties": { "marketLat": 11.324982, "marketLon": 36.410662 }, "geometry": { "type": "Point", "coordinates": [ 36.410662, 11.324982 ] } },
{ "type": "Feature", "properties": { "marketLat": 11.394837, "marketLon": 38.239728 }, "geometry": { "type": "Point", "coordinates": [ 38.239728, 11.394837 ] } },
{ "type": "Feature", "properties": { "marketLat": 11.407974, "marketLon": 37.955513 }, "geometry": { "type": "Point", "coordinates": [ 37.955513, 11.407974 ] } },
{ "type": "Feature", "properties": { "marketLat": 11.462086, "marketLon": 38.907866 }, "geometry": { "type": "Point", "coordinates": [ 38.907866, 11.462086 ] } },
{ "type": "Feature", "properties": { "marketLat": 11.513213, "marketLon": 39.611147 }, "geometry": { "type": "Point", "coordinates": [ 39.611147, 11.513213 ] } },
{ "type": "Feature", "properties": { "marketLat": 11.566567, "marketLon": 41.44129 }, "geometry": { "type": "Point", "coordinates": [ 41.44129, 11.566567 ] } },
{ "type": "Feature", "properties": { "marketLat": 11.602413, "marketLon": 37.945947 }, "geometry": { "type": "Point", "coordinates": [ 37.945947, 11.602413 ] } },
{ "type": "Feature", "properties": { "marketLat": 11.606605, "marketLon": 40.016071 }, "geometry": { "type": "Point", "coordinates": [ 40.016071, 11.606605 ] } },
{ "type": "Feature", "properties": { "marketLat": 11.604859, "marketLon": 38.933085 }, "geometry": { "type": "Point", "coordinates": [ 38.933085, 11.604859 ] } },
{ "type": "Feature", "properties": { "marketLat": 11.663655, "marketLon": 39.660046 }, "geometry": { "type": "Point", "coordinates": [ 39.660046, 11.663655 ] } },
{ "type": "Feature", "properties": { "marketLat": 11.691191, "marketLon": 38.924071 }, "geometry": { "type": "Point", "coordinates": [ 38.924071, 11.691191 ] } },
{ "type": "Feature", "properties": { "marketLat": 11.724911, "marketLon": 38.348686 }, "geometry": { "type": "Point", "coordinates": [ 38.348686, 11.724911 ] } },
{ "type": "Feature", "properties": { "marketLat": 11.731189, "marketLon": 38.472153 }, "geometry": { "type": "Point", "coordinates": [ 38.472153, 11.731189 ] } },
{ "type": "Feature", "properties": { "marketLat": 11.738879, "marketLon": 39.001975 }, "geometry": { "type": "Point", "coordinates": [ 39.001975, 11.738879 ] } },
{ "type": "Feature", "properties": { "marketLat": 11.751287, "marketLon": 38.389616 }, "geometry": { "type": "Point", "coordinates": [ 38.389616, 11.751287 ] } },
{ "type": "Feature", "properties": { "marketLat": 11.764852, "marketLon": 38.747026 }, "geometry": { "type": "Point", "coordinates": [ 38.747026, 11.764852 ] } },
{ "type": "Feature", "properties": { "marketLat": 11.782382, "marketLon": 37.558891 }, "geometry": { "type": "Point", "coordinates": [ 37.558891, 11.782382 ] } },
{ "type": "Feature", "properties": { "marketLat": 11.797361, "marketLon": 38.140615 }, "geometry": { "type": "Point", "coordinates": [ 38.140615, 11.797361 ] } },
{ "type": "Feature", "properties": { "marketLat": 11.814711, "marketLon": 38.219787 }, "geometry": { "type": "Point", "coordinates": [ 38.219787, 11.814711 ] } },
{ "type": "Feature", "properties": { "marketLat": 11.818169, "marketLon": 38.665947 }, "geometry": { "type": "Point", "coordinates": [ 38.665947, 11.818169 ] } },
{ "type": "Feature", "properties": { "marketLat": 11.836585, "marketLon": 39.145575 }, "geometry": { "type": "Point", "coordinates": [ 39.145575, 11.836585 ] } },
{ "type": "Feature", "properties": { "marketLat": 11.843085, "marketLon": 39.742011 }, "geometry": { "type": "Point", "coordinates": [ 39.742011, 11.843085 ] } },
{ "type": "Feature", "properties": { "marketLat": 11.871634, "marketLon": 39.299948 }, "geometry": { "type": "Point", "coordinates": [ 39.299948, 11.871634 ] } },
{ "type": "Feature", "properties": { "marketLat": 11.915302, "marketLon": 37.884718 }, "geometry": { "type": "Point", "coordinates": [ 37.884718, 11.915302 ] } },
{ "type": "Feature", "properties": { "marketLat": 12.001537, "marketLon": 39.423155 }, "geometry": { "type": "Point", "coordinates": [ 39.423155, 12.001537 ] } },
{ "type": "Feature", "properties": { "marketLat": 12.014747, "marketLon": 39.625685 }, "geometry": { "type": "Point", "coordinates": [ 39.625685, 12.014747 ] } },
{ "type": "Feature", "properties": { "marketLat": 12.032755, "marketLon": 39.03903 }, "geometry": { "type": "Point", "coordinates": [ 39.03903, 12.032755 ] } },
{ "type": "Feature", "properties": { "marketLat": 12.061321, "marketLon": 38.285074 }, "geometry": { "type": "Point", "coordinates": [ 38.285074, 12.061321 ] } },
{ "type": "Feature", "properties": { "marketLat": 12.079425, "marketLon": 37.725449 }, "geometry": { "type": "Point", "coordinates": [ 37.725449, 12.079425 ] } },
{ "type": "Feature", "properties": { "marketLat": 12.132002, "marketLon": 38.04772 }, "geometry": { "type": "Point", "coordinates": [ 38.04772, 12.132002 ] } },
{ "type": "Feature", "properties": { "marketLat": 12.123995, "marketLon": 37.779794 }, "geometry": { "type": "Point", "coordinates": [ 37.779794, 12.123995 ] } },
{ "type": "Feature", "properties": { "marketLat": 12.157938, "marketLon": 39.637194 }, "geometry": { "type": "Point", "coordinates": [ 39.637194, 12.157938 ] } },
{ "type": "Feature", "properties": { "marketLat": 12.167812, "marketLon": 38.847619 }, "geometry": { "type": "Point", "coordinates": [ 38.847619, 12.167812 ] } },
{ "type": "Feature", "properties": { "marketLat": 12.16294, "marketLon": 38.98832 }, "geometry": { "type": "Point", "coordinates": [ 38.98832, 12.16294 ] } },
{ "type": "Feature", "properties": { "marketLat": 12.258406, "marketLon": 37.629918 }, "geometry": { "type": "Point", "coordinates": [ 37.629918, 12.258406 ] } },
{ "type": "Feature", "properties": { "marketLat": 12.265058, "marketLon": 39.030747 }, "geometry": { "type": "Point", "coordinates": [ 39.030747, 12.265058 ] } },
{ "type": "Feature", "properties": { "marketLat": 12.279875, "marketLon": 37.734819 }, "geometry": { "type": "Point", "coordinates": [ 37.734819, 12.279875 ] } },
{ "type": "Feature", "properties": { "marketLat": 12.334537, "marketLon": 37.221333 }, "geometry": { "type": "Point", "coordinates": [ 37.221333, 12.334537 ] } },
{ "type": "Feature", "properties": { "marketLat": 12.379431, "marketLon": 37.555926 }, "geometry": { "type": "Point", "coordinates": [ 37.555926, 12.379431 ] } },
{ "type": "Feature", "properties": { "marketLat": 12.411723, "marketLon": 38.082349 }, "geometry": { "type": "Point", "coordinates": [ 38.082349, 12.411723 ] } },
{ "type": "Feature", "properties": { "marketLat": 12.405419, "marketLon": 39.018372 }, "geometry": { "type": "Point", "coordinates": [ 39.018372, 12.405419 ] } },
{ "type": "Feature", "properties": { "marketLat": 12.415835, "marketLon": 39.563312 }, "geometry": { "type": "Point", "coordinates": [ 39.563312, 12.415835 ] } },
{ "type": "Feature", "properties": { "marketLat": 12.428525, "marketLon": 38.71663 }, "geometry": { "type": "Point", "coordinates": [ 38.71663, 12.428525 ] } },
{ "type": "Feature", "properties": { "marketLat": 12.481296, "marketLon": 37.476576 }, "geometry": { "type": "Point", "coordinates": [ 37.476576, 12.481296 ] } },
{ "type": "Feature", "properties": { "marketLat": 12.498827, "marketLon": 39.401597 }, "geometry": { "type": "Point", "coordinates": [ 39.401597, 12.498827 ] } },
{ "type": "Feature", "properties": { "marketLat": 12.507703, "marketLon": 39.522345 }, "geometry": { "type": "Point", "coordinates": [ 39.522345, 12.507703 ] } },
{ "type": "Feature", "properties": { "marketLat": 12.525986, "marketLon": 38.171567 }, "geometry": { "type": "Point", "coordinates": [ 38.171567, 12.525986 ] } },
{ "type": "Feature", "properties": { "marketLat": 12.531256, "marketLon": 37.302667 }, "geometry": { "type": "Point", "coordinates": [ 37.302667, 12.531256 ] } },
{ "type": "Feature", "properties": { "marketLat": 12.544875, "marketLon": 37.063753 }, "geometry": { "type": "Point", "coordinates": [ 37.063753, 12.544875 ] } },
{ "type": "Feature", "properties": { "marketLat": 12.628174, "marketLon": 39.0394 }, "geometry": { "type": "Point", "coordinates": [ 39.0394, 12.628174 ] } },
{ "type": "Feature", "properties": { "marketLat": 12.769831, "marketLon": 37.62536 }, "geometry": { "type": "Point", "coordinates": [ 37.62536, 12.769831 ] } },
{ "type": "Feature", "properties": { "marketLat": 12.795441, "marketLon": 39.645761 }, "geometry": { "type": "Point", "coordinates": [ 39.645761, 12.795441 ] } },
{ "type": "Feature", "properties": { "marketLat": 12.865425, "marketLon": 36.268468 }, "geometry": { "type": "Point", "coordinates": [ 36.268468, 12.865425 ] } },
{ "type": "Feature", "properties": { "marketLat": 12.87266, "marketLon": 37.739129 }, "geometry": { "type": "Point", "coordinates": [ 37.739129, 12.87266 ] } },
{ "type": "Feature", "properties": { "marketLat": 12.920602, "marketLon": 37.745911 }, "geometry": { "type": "Point", "coordinates": [ 37.745911, 12.920602 ] } },
{ "type": "Feature", "properties": { "marketLat": 12.934106, "marketLon": 39.515505 }, "geometry": { "type": "Point", "coordinates": [ 39.515505, 12.934106 ] } },
{ "type": "Feature", "properties": { "marketLat": 13.013375, "marketLon": 39.670291 }, "geometry": { "type": "Point", "coordinates": [ 39.670291, 13.013375 ] } },
{ "type": "Feature", "properties": { "marketLat": 13.07495, "marketLon": 39.636969 }, "geometry": { "type": "Point", "coordinates": [ 39.636969, 13.07495 ] } },
{ "type": "Feature", "properties": { "marketLat": 13.103414, "marketLon": 39.02265 }, "geometry": { "type": "Point", "coordinates": [ 39.02265, 13.103414 ] } },
{ "type": "Feature", "properties": { "marketLat": 13.103248, "marketLon": 39.494298 }, "geometry": { "type": "Point", "coordinates": [ 39.494298, 13.103248 ] } },
{ "type": "Feature", "properties": { "marketLat": 13.244395, "marketLon": 39.518005 }, "geometry": { "type": "Point", "coordinates": [ 39.518005, 13.244395 ] } },
{ "type": "Feature", "properties": { "marketLat": 13.288914, "marketLon": 38.994332 }, "geometry": { "type": "Point", "coordinates": [ 38.994332, 13.288914 ] } },
{ "type": "Feature", "properties": { "marketLat": 13.297127, "marketLon": 39.418714 }, "geometry": { "type": "Point", "coordinates": [ 39.418714, 13.297127 ] } },
{ "type": "Feature", "properties": { "marketLat": 13.309411, "marketLon": 39.326274 }, "geometry": { "type": "Point", "coordinates": [ 39.326274, 13.309411 ] } },
{ "type": "Feature", "properties": { "marketLat": 13.322898, "marketLon": 39.175615 }, "geometry": { "type": "Point", "coordinates": [ 39.175615, 13.322898 ] } },
{ "type": "Feature", "properties": { "marketLat": 13.328702, "marketLon": 39.281806 }, "geometry": { "type": "Point", "coordinates": [ 39.281806, 13.328702 ] } },
{ "type": "Feature", "properties": { "marketLat": 13.357445, "marketLon": 39.179641 }, "geometry": { "type": "Point", "coordinates": [ 39.179641, 13.357445 ] } },
{ "type": "Feature", "properties": { "marketLat": 13.357372, "marketLon": 39.749608 }, "geometry": { "type": "Point", "coordinates": [ 39.749608, 13.357372 ] } },
{ "type": "Feature", "properties": { "marketLat": 13.360136, "marketLon": 39.53284 }, "geometry": { "type": "Point", "coordinates": [ 39.53284, 13.360136 ] } },
{ "type": "Feature", "properties": { "marketLat": 13.58705, "marketLon": 39.120067 }, "geometry": { "type": "Point", "coordinates": [ 39.120067, 13.58705 ] } },
{ "type": "Feature", "properties": { "marketLat": 13.583727, "marketLon": 38.138584 }, "geometry": { "type": "Point", "coordinates": [ 38.138584, 13.583727 ] } },
{ "type": "Feature", "properties": { "marketLat": 13.622165, "marketLon": 39.005251 }, "geometry": { "type": "Point", "coordinates": [ 39.005251, 13.622165 ] } },
{ "type": "Feature", "properties": { "marketLat": 13.650055, "marketLon": 39.169524 }, "geometry": { "type": "Point", "coordinates": [ 39.169524, 13.650055 ] } },
{ "type": "Feature", "properties": { "marketLat": 13.750926, "marketLon": 37.324211 }, "geometry": { "type": "Point", "coordinates": [ 37.324211, 13.750926 ] } },
{ "type": "Feature", "properties": { "marketLat": 13.843315, "marketLon": 38.639953 }, "geometry": { "type": "Point", "coordinates": [ 38.639953, 13.843315 ] } },
{ "type": "Feature", "properties": { "marketLat": 13.86394, "marketLon": 40.021848 }, "geometry": { "type": "Point", "coordinates": [ 40.021848, 13.86394 ] } },
{ "type": "Feature", "properties": { "marketLat": 13.938206, "marketLon": 39.374318 }, "geometry": { "type": "Point", "coordinates": [ 39.374318, 13.938206 ] } },
{ "type": "Feature", "properties": { "marketLat": 13.952528, "marketLon": 38.456913 }, "geometry": { "type": "Point", "coordinates": [ 38.456913, 13.952528 ] } },
{ "type": "Feature", "properties": { "marketLat": 13.982051, "marketLon": 39.426735 }, "geometry": { "type": "Point", "coordinates": [ 39.426735, 13.982051 ] } },
{ "type": "Feature", "properties": { "marketLat": 14.000283, "marketLon": 39.727383 }, "geometry": { "type": "Point", "coordinates": [ 39.727383, 14.000283 ] } },
{ "type": "Feature", "properties": { "marketLat": 14.039983, "marketLon": 39.064085 }, "geometry": { "type": "Point", "coordinates": [ 39.064085, 14.039983 ] } },
{ "type": "Feature", "properties": { "marketLat": 14.115401, "marketLon": 38.471916 }, "geometry": { "type": "Point", "coordinates": [ 38.471916, 14.115401 ] } },
{ "type": "Feature", "properties": { "marketLat": 14.127448, "marketLon": 37.879199 }, "geometry": { "type": "Point", "coordinates": [ 37.879199, 14.127448 ] } },
{ "type": "Feature", "properties": { "marketLat": 14.18638, "marketLon": 39.559296 }, "geometry": { "type": "Point", "coordinates": [ 39.559296, 14.18638 ] } },
{ "type": "Feature", "properties": { "marketLat": 14.199255, "marketLon": 38.342064 }, "geometry": { "type": "Point", "coordinates": [ 38.342064, 14.199255 ] } },
{ "type": "Feature", "properties": { "marketLat": 14.276451, "marketLon": 39.151669 }, "geometry": { "type": "Point", "coordinates": [ 39.151669, 14.276451 ] } },
{ "type": "Feature", "properties": { "marketLat": 14.28266, "marketLon": 39.29148 }, "geometry": { "type": "Point", "coordinates": [ 39.29148, 14.28266 ] } },
{ "type": "Feature", "properties": { "marketLat": 14.310532, "marketLon": 38.172084 }, "geometry": { "type": "Point", "coordinates": [ 38.172084, 14.310532 ] } },
{ "type": "Feature", "properties": { "marketLat": 10.573215, "marketLon": 34.359075 }, "geometry": { "type": "Point", "coordinates": [ 34.359075, 10.573215 ] } },
{ "type": "Feature", "properties": { "marketLat": 9.372742, "marketLon": 34.440277 }, "geometry": { "type": "Point", "coordinates": [ 34.440277, 9.372742 ] } },
{ "type": "Feature", "properties": { "marketLat": 9.42714, "marketLon": 34.448092 }, "geometry": { "type": "Point", "coordinates": [ 34.448092, 9.42714 ] } },
{ "type": "Feature", "properties": { "marketLat": 9.015855, "marketLon": 34.538561 }, "geometry": { "type": "Point", "coordinates": [ 34.538561, 9.015855 ] } },
{ "type": "Feature", "properties": { "marketLat": 9.016821, "marketLon": 34.543838 }, "geometry": { "type": "Point", "coordinates": [ 34.543838, 9.016821 ] } },
{ "type": "Feature", "properties": { "marketLat": 10.05737, "marketLon": 34.53968 }, "geometry": { "type": "Point", "coordinates": [ 34.53968, 10.05737 ] } },
{ "type": "Feature", "properties": { "marketLat": 8.488069, "marketLon": 34.585016 }, "geometry": { "type": "Point", "coordinates": [ 34.585016, 8.488069 ] } },
{ "type": "Feature", "properties": { "marketLat": 10.383982, "marketLon": 34.592341 }, "geometry": { "type": "Point", "coordinates": [ 34.592341, 10.383982 ] } },
{ "type": "Feature", "properties": { "marketLat": 8.567842, "marketLon": 34.602733 }, "geometry": { "type": "Point", "coordinates": [ 34.602733, 8.567842 ] } },
{ "type": "Feature", "properties": { "marketLat": 8.988018, "marketLon": 34.610938 }, "geometry": { "type": "Point", "coordinates": [ 34.610938, 8.988018 ] } },
{ "type": "Feature", "properties": { "marketLat": 8.649582, "marketLon": 34.614705 }, "geometry": { "type": "Point", "coordinates": [ 34.614705, 8.649582 ] } },
{ "type": "Feature", "properties": { "marketLat": 9.387855, "marketLon": 34.621765 }, "geometry": { "type": "Point", "coordinates": [ 34.621765, 9.387855 ] } },
{ "type": "Feature", "properties": { "marketLat": 10.316833, "marketLon": 34.636378 }, "geometry": { "type": "Point", "coordinates": [ 34.636378, 10.316833 ] } },
{ "type": "Feature", "properties": { "marketLat": 8.794281, "marketLon": 34.642058 }, "geometry": { "type": "Point", "coordinates": [ 34.642058, 8.794281 ] } },
{ "type": "Feature", "properties": { "marketLat": 10.137604, "marketLon": 34.656296 }, "geometry": { "type": "Point", "coordinates": [ 34.656296, 10.137604 ] } },
{ "type": "Feature", "properties": { "marketLat": 9.950174, "marketLon": 34.659532 }, "geometry": { "type": "Point", "coordinates": [ 34.659532, 9.950174 ] } },
{ "type": "Feature", "properties": { "marketLat": 8.651976, "marketLon": 34.671957 }, "geometry": { "type": "Point", "coordinates": [ 34.671957, 8.651976 ] } },
{ "type": "Feature", "properties": { "marketLat": 9.58575, "marketLon": 34.677069 }, "geometry": { "type": "Point", "coordinates": [ 34.677069, 9.58575 ] } },
{ "type": "Feature", "properties": { "marketLat": 9.843202, "marketLon": 34.690079 }, "geometry": { "type": "Point", "coordinates": [ 34.690079, 9.843202 ] } },
{ "type": "Feature", "properties": { "marketLat": 9.388139, "marketLon": 34.705378 }, "geometry": { "type": "Point", "coordinates": [ 34.705378, 9.388139 ] } },
{ "type": "Feature", "properties": { "marketLat": 9.043812, "marketLon": 34.722592 }, "geometry": { "type": "Point", "coordinates": [ 34.722592, 9.043812 ] } },
{ "type": "Feature", "properties": { "marketLat": 8.955184, "marketLon": 34.74914 }, "geometry": { "type": "Point", "coordinates": [ 34.74914, 8.955184 ] } },
{ "type": "Feature", "properties": { "marketLat": 9.53288, "marketLon": 34.778327 }, "geometry": { "type": "Point", "coordinates": [ 34.778327, 9.53288 ] } },
{ "type": "Feature", "properties": { "marketLat": 8.970655, "marketLon": 34.787999 }, "geometry": { "type": "Point", "coordinates": [ 34.787999, 8.970655 ] } },
{ "type": "Feature", "properties": { "marketLat": 8.53499, "marketLon": 34.801992 }, "geometry": { "type": "Point", "coordinates": [ 34.801992, 8.53499 ] } },
{ "type": "Feature", "properties": { "marketLat": 9.533839, "marketLon": 34.819665 }, "geometry": { "type": "Point", "coordinates": [ 34.819665, 9.533839 ] } },
{ "type": "Feature", "properties": { "marketLat": 9.662263, "marketLon": 34.879924 }, "geometry": { "type": "Point", "coordinates": [ 34.879924, 9.662263 ] } },
{ "type": "Feature", "properties": { "marketLat": 9.719071, "marketLon": 34.934714 }, "geometry": { "type": "Point", "coordinates": [ 34.934714, 9.719071 ] } },
{ "type": "Feature", "properties": { "marketLat": 9.559938, "marketLon": 34.969428 }, "geometry": { "type": "Point", "coordinates": [ 34.969428, 9.559938 ] } },
{ "type": "Feature", "properties": { "marketLat": 9.599754, "marketLon": 35.008604 }, "geometry": { "type": "Point", "coordinates": [ 35.008604, 9.599754 ] } },
{ "type": "Feature", "properties": { "marketLat": 8.660574, "marketLon": 35.016937 }, "geometry": { "type": "Point", "coordinates": [ 35.016937, 8.660574 ] } },
{ "type": "Feature", "properties": { "marketLat": 9.10976, "marketLon": 35.025728 }, "geometry": { "type": "Point", "coordinates": [ 35.025728, 9.10976 ] } },
{ "type": "Feature", "properties": { "marketLat": 9.516157, "marketLon": 35.067306 }, "geometry": { "type": "Point", "coordinates": [ 35.067306, 9.516157 ] } },
{ "type": "Feature", "properties": { "marketLat": 10.2783, "marketLon": 35.106499 }, "geometry": { "type": "Point", "coordinates": [ 35.106499, 10.2783 ] } },
{ "type": "Feature", "properties": { "marketLat": 9.704426, "marketLon": 35.116906 }, "geometry": { "type": "Point", "coordinates": [ 35.116906, 9.704426 ] } },
{ "type": "Feature", "properties": { "marketLat": 10.124455, "marketLon": 35.134706 }, "geometry": { "type": "Point", "coordinates": [ 35.134706, 10.124455 ] } },
{ "type": "Feature", "properties": { "marketLat": 7.276183, "marketLon": 35.148217 }, "geometry": { "type": "Point", "coordinates": [ 35.148217, 7.276183 ] } },
{ "type": "Feature", "properties": { "marketLat": 7.280888, "marketLon": 35.193184 }, "geometry": { "type": "Point", "coordinates": [ 35.193184, 7.280888 ] } },
{ "type": "Feature", "properties": { "marketLat": 6.77672, "marketLon": 35.19825 }, "geometry": { "type": "Point", "coordinates": [ 35.19825, 6.77672 ] } },
{ "type": "Feature", "properties": { "marketLat": 9.281, "marketLon": 35.200547 }, "geometry": { "type": "Point", "coordinates": [ 35.200547, 9.281 ] } },
{ "type": "Feature", "properties": { "marketLat": 10.014327, "marketLon": 35.20855 }, "geometry": { "type": "Point", "coordinates": [ 35.20855, 10.014327 ] } },
{ "type": "Feature", "properties": { "marketLat": 8.67688, "marketLon": 35.215446 }, "geometry": { "type": "Point", "coordinates": [ 35.215446, 8.67688 ] } },
{ "type": "Feature", "properties": { "marketLat": 9.826446, "marketLon": 35.248896 }, "geometry": { "type": "Point", "coordinates": [ 35.248896, 9.826446 ] } },
{ "type": "Feature", "properties": { "marketLat": 7.682124, "marketLon": 35.26628 }, "geometry": { "type": "Point", "coordinates": [ 35.26628, 7.682124 ] } },
{ "type": "Feature", "properties": { "marketLat": 10.068296, "marketLon": 35.274374 }, "geometry": { "type": "Point", "coordinates": [ 35.274374, 10.068296 ] } },
{ "type": "Feature", "properties": { "marketLat": 7.005168, "marketLon": 35.277858 }, "geometry": { "type": "Point", "coordinates": [ 35.277858, 7.005168 ] } },
{ "type": "Feature", "properties": { "marketLat": 7.893541, "marketLon": 35.287612 }, "geometry": { "type": "Point", "coordinates": [ 35.287612, 7.893541 ] } },
{ "type": "Feature", "properties": { "marketLat": 9.140665, "marketLon": 35.293352 }, "geometry": { "type": "Point", "coordinates": [ 35.293352, 9.140665 ] } },
{ "type": "Feature", "properties": { "marketLat": 9.450664, "marketLon": 35.31809 }, "geometry": { "type": "Point", "coordinates": [ 35.31809, 9.450664 ] } },
{ "type": "Feature", "properties": { "marketLat": 7.239275, "marketLon": 35.320893 }, "geometry": { "type": "Point", "coordinates": [ 35.320893, 7.239275 ] } },
{ "type": "Feature", "properties": { "marketLat": 6.857178, "marketLon": 35.33248 }, "geometry": { "type": "Point", "coordinates": [ 35.33248, 6.857178 ] } },
{ "type": "Feature", "properties": { "marketLat": 9.74938, "marketLon": 35.335371 }, "geometry": { "type": "Point", "coordinates": [ 35.335371, 9.74938 ] } },
{ "type": "Feature", "properties": { "marketLat": 8.177315, "marketLon": 35.354648 }, "geometry": { "type": "Point", "coordinates": [ 35.354648, 8.177315 ] } },
{ "type": "Feature", "properties": { "marketLat": 9.296347, "marketLon": 35.35497 }, "geometry": { "type": "Point", "coordinates": [ 35.35497, 9.296347 ] } },
{ "type": "Feature", "properties": { "marketLat": 8.920062, "marketLon": 35.357789 }, "geometry": { "type": "Point", "coordinates": [ 35.357789, 8.920062 ] } },
{ "type": "Feature", "properties": { "marketLat": 7.262921, "marketLon": 35.367594 }, "geometry": { "type": "Point", "coordinates": [ 35.367594, 7.262921 ] } },
{ "type": "Feature", "properties": { "marketLat": 8.338793, "marketLon": 35.371747 }, "geometry": { "type": "Point", "coordinates": [ 35.371747, 8.338793 ] } },
{ "type": "Feature", "properties": { "marketLat": 7.878188, "marketLon": 35.38755 }, "geometry": { "type": "Point", "coordinates": [ 35.38755, 7.878188 ] } },
{ "type": "Feature", "properties": { "marketLat": 9.093339, "marketLon": 35.39797 }, "geometry": { "type": "Point", "coordinates": [ 35.39797, 9.093339 ] } },
{ "type": "Feature", "properties": { "marketLat": 7.564334, "marketLon": 35.401772 }, "geometry": { "type": "Point", "coordinates": [ 35.401772, 7.564334 ] } },
{ "type": "Feature", "properties": { "marketLat": 8.623671, "marketLon": 35.402967 }, "geometry": { "type": "Point", "coordinates": [ 35.402967, 8.623671 ] } },
{ "type": "Feature", "properties": { "marketLat": 9.215198, "marketLon": 35.415029 }, "geometry": { "type": "Point", "coordinates": [ 35.415029, 9.215198 ] } },
{ "type": "Feature", "properties": { "marketLat": 6.886759, "marketLon": 35.417861 }, "geometry": { "type": "Point", "coordinates": [ 35.417861, 6.886759 ] } },
{ "type": "Feature", "properties": { "marketLat": 7.199363, "marketLon": 35.423584 }, "geometry": { "type": "Point", "coordinates": [ 35.423584, 7.199363 ] } },
{ "type": "Feature", "properties": { "marketLat": 9.353846, "marketLon": 35.433944 }, "geometry": { "type": "Point", "coordinates": [ 35.433944, 9.353846 ] } },
{ "type": "Feature", "properties": { "marketLat": 9.658405, "marketLon": 35.434027 }, "geometry": { "type": "Point", "coordinates": [ 35.434027, 9.658405 ] } },
{ "type": "Feature", "properties": { "marketLat": 7.097326, "marketLon": 35.437904 }, "geometry": { "type": "Point", "coordinates": [ 35.437904, 7.097326 ] } },
{ "type": "Feature", "properties": { "marketLat": 8.952218, "marketLon": 35.446079 }, "geometry": { "type": "Point", "coordinates": [ 35.446079, 8.952218 ] } },
{ "type": "Feature", "properties": { "marketLat": 7.263937, "marketLon": 35.449546 }, "geometry": { "type": "Point", "coordinates": [ 35.449546, 7.263937 ] } },
{ "type": "Feature", "properties": { "marketLat": 8.95438, "marketLon": 35.451218 }, "geometry": { "type": "Point", "coordinates": [ 35.451218, 8.95438 ] } },
{ "type": "Feature", "properties": { "marketLat": 8.299616, "marketLon": 35.462224 }, "geometry": { "type": "Point", "coordinates": [ 35.462224, 8.299616 ] } },
{ "type": "Feature", "properties": { "marketLat": 8.131003, "marketLon": 35.466454 }, "geometry": { "type": "Point", "coordinates": [ 35.466454, 8.131003 ] } },
{ "type": "Feature", "properties": { "marketLat": 7.243035, "marketLon": 35.489051 }, "geometry": { "type": "Point", "coordinates": [ 35.489051, 7.243035 ] } },
{ "type": "Feature", "properties": { "marketLat": 6.842903, "marketLon": 35.491501 }, "geometry": { "type": "Point", "coordinates": [ 35.491501, 6.842903 ] } },
{ "type": "Feature", "properties": { "marketLat": 6.935017, "marketLon": 35.497039 }, "geometry": { "type": "Point", "coordinates": [ 35.497039, 6.935017 ] } },
{ "type": "Feature", "properties": { "marketLat": 7.054044, "marketLon": 35.504695 }, "geometry": { "type": "Point", "coordinates": [ 35.504695, 7.054044 ] } },
{ "type": "Feature", "properties": { "marketLat": 8.579673, "marketLon": 35.512557 }, "geometry": { "type": "Point", "coordinates": [ 35.512557, 8.579673 ] } },
{ "type": "Feature", "properties": { "marketLat": 9.621267, "marketLon": 35.514074 }, "geometry": { "type": "Point", "coordinates": [ 35.514074, 9.621267 ] } },
{ "type": "Feature", "properties": { "marketLat": 8.401551, "marketLon": 35.519665 }, "geometry": { "type": "Point", "coordinates": [ 35.519665, 8.401551 ] } },
{ "type": "Feature", "properties": { "marketLat": 6.255982, "marketLon": 35.52332 }, "geometry": { "type": "Point", "coordinates": [ 35.52332, 6.255982 ] } },
{ "type": "Feature", "properties": { "marketLat": 9.237094, "marketLon": 35.535936 }, "geometry": { "type": "Point", "coordinates": [ 35.535936, 9.237094 ] } },
{ "type": "Feature", "properties": { "marketLat": 8.950316, "marketLon": 35.545732 }, "geometry": { "type": "Point", "coordinates": [ 35.545732, 8.950316 ] } },
{ "type": "Feature", "properties": { "marketLat": 6.843354, "marketLon": 35.549192 }, "geometry": { "type": "Point", "coordinates": [ 35.549192, 6.843354 ] } },
{ "type": "Feature", "properties": { "marketLat": 6.952738, "marketLon": 35.546665 }, "geometry": { "type": "Point", "coordinates": [ 35.546665, 6.952738 ] } },
{ "type": "Feature", "properties": { "marketLat": 9.607779, "marketLon": 35.55288 }, "geometry": { "type": "Point", "coordinates": [ 35.55288, 9.607779 ] } },
{ "type": "Feature", "properties": { "marketLat": 9.306661, "marketLon": 35.560118 }, "geometry": { "type": "Point", "coordinates": [ 35.560118, 9.306661 ] } },
{ "type": "Feature", "properties": { "marketLat": 8.993652, "marketLon": 35.580241 }, "geometry": { "type": "Point", "coordinates": [ 35.580241, 8.993652 ] } },
{ "type": "Feature", "properties": { "marketLat": 8.298521, "marketLon": 35.578233 }, "geometry": { "type": "Point", "coordinates": [ 35.578233, 8.298521 ] } },
{ "type": "Feature", "properties": { "marketLat": 6.990882, "marketLon": 35.587896 }, "geometry": { "type": "Point", "coordinates": [ 35.587896, 6.990882 ] } },
{ "type": "Feature", "properties": { "marketLat": 7.614027, "marketLon": 35.591989 }, "geometry": { "type": "Point", "coordinates": [ 35.591989, 7.614027 ] } },
{ "type": "Feature", "properties": { "marketLat": 10.656527, "marketLon": 35.593805 }, "geometry": { "type": "Point", "coordinates": [ 35.593805, 10.656527 ] } },
{ "type": "Feature", "properties": { "marketLat": 9.539724, "marketLon": 35.593988 }, "geometry": { "type": "Point", "coordinates": [ 35.593988, 9.539724 ] } },
{ "type": "Feature", "properties": { "marketLat": 7.314874, "marketLon": 35.598575 }, "geometry": { "type": "Point", "coordinates": [ 35.598575, 7.314874 ] } },
{ "type": "Feature", "properties": { "marketLat": 8.219817, "marketLon": 35.607578 }, "geometry": { "type": "Point", "coordinates": [ 35.607578, 8.219817 ] } },
{ "type": "Feature", "properties": { "marketLat": 7.228877, "marketLon": 35.611861 }, "geometry": { "type": "Point", "coordinates": [ 35.611861, 7.228877 ] } },
{ "type": "Feature", "properties": { "marketLat": 6.813625, "marketLon": 35.615148 }, "geometry": { "type": "Point", "coordinates": [ 35.615148, 6.813625 ] } },
{ "type": "Feature", "properties": { "marketLat": 8.411361, "marketLon": 35.615898 }, "geometry": { "type": "Point", "coordinates": [ 35.615898, 8.411361 ] } },
{ "type": "Feature", "properties": { "marketLat": 9.039164, "marketLon": 35.620137 }, "geometry": { "type": "Point", "coordinates": [ 35.620137, 9.039164 ] } },
{ "type": "Feature", "properties": { "marketLat": 8.64652, "marketLon": 35.625489 }, "geometry": { "type": "Point", "coordinates": [ 35.625489, 8.64652 ] } },
{ "type": "Feature", "properties": { "marketLat": 10.495219, "marketLon": 35.654734 }, "geometry": { "type": "Point", "coordinates": [ 35.654734, 10.495219 ] } },
{ "type": "Feature", "properties": { "marketLat": 7.826004, "marketLon": 35.65554 }, "geometry": { "type": "Point", "coordinates": [ 35.65554, 7.826004 ] } },
{ "type": "Feature", "properties": { "marketLat": 10.631434, "marketLon": 35.663044 }, "geometry": { "type": "Point", "coordinates": [ 35.663044, 10.631434 ] } },
{ "type": "Feature", "properties": { "marketLat": 8.340614, "marketLon": 35.688988 }, "geometry": { "type": "Point", "coordinates": [ 35.688988, 8.340614 ] } },
{ "type": "Feature", "properties": { "marketLat": 9.271573, "marketLon": 35.69056 }, "geometry": { "type": "Point", "coordinates": [ 35.69056, 9.271573 ] } },
{ "type": "Feature", "properties": { "marketLat": 8.954296, "marketLon": 35.694444 }, "geometry": { "type": "Point", "coordinates": [ 35.694444, 8.954296 ] } },
{ "type": "Feature", "properties": { "marketLat": 9.078972, "marketLon": 35.696384 }, "geometry": { "type": "Point", "coordinates": [ 35.696384, 9.078972 ] } },
{ "type": "Feature", "properties": { "marketLat": 9.080953, "marketLon": 35.703863 }, "geometry": { "type": "Point", "coordinates": [ 35.703863, 9.080953 ] } },
{ "type": "Feature", "properties": { "marketLat": 7.06375, "marketLon": 35.706013 }, "geometry": { "type": "Point", "coordinates": [ 35.706013, 7.06375 ] } },
{ "type": "Feature", "properties": { "marketLat": 10.577325, "marketLon": 35.712198 }, "geometry": { "type": "Point", "coordinates": [ 35.712198, 10.577325 ] } },
{ "type": "Feature", "properties": { "marketLat": 8.68271, "marketLon": 35.719194 }, "geometry": { "type": "Point", "coordinates": [ 35.719194, 8.68271 ] } },
{ "type": "Feature", "properties": { "marketLat": 9.026066, "marketLon": 35.737639 }, "geometry": { "type": "Point", "coordinates": [ 35.737639, 9.026066 ] } },
{ "type": "Feature", "properties": { "marketLat": 8.279232, "marketLon": 35.743321 }, "geometry": { "type": "Point", "coordinates": [ 35.743321, 8.279232 ] } },
{ "type": "Feature", "properties": { "marketLat": 8.981629, "marketLon": 35.748114 }, "geometry": { "type": "Point", "coordinates": [ 35.748114, 8.981629 ] } },
{ "type": "Feature", "properties": { "marketLat": 6.960091, "marketLon": 35.769098 }, "geometry": { "type": "Point", "coordinates": [ 35.769098, 6.960091 ] } },
{ "type": "Feature", "properties": { "marketLat": 8.745085, "marketLon": 35.760088 }, "geometry": { "type": "Point", "coordinates": [ 35.760088, 8.745085 ] } },
{ "type": "Feature", "properties": { "marketLat": 9.652104, "marketLon": 35.772121 }, "geometry": { "type": "Point", "coordinates": [ 35.772121, 9.652104 ] } },
{ "type": "Feature", "properties": { "marketLat": 8.259116, "marketLon": 35.788549 }, "geometry": { "type": "Point", "coordinates": [ 35.788549, 8.259116 ] } },
{ "type": "Feature", "properties": { "marketLat": 10.584722, "marketLon": 35.793095 }, "geometry": { "type": "Point", "coordinates": [ 35.793095, 10.584722 ] } },
{ "type": "Feature", "properties": { "marketLat": 7.907544, "marketLon": 35.808094 }, "geometry": { "type": "Point", "coordinates": [ 35.808094, 7.907544 ] } },
{ "type": "Feature", "properties": { "marketLat": 8.188374, "marketLon": 35.809934 }, "geometry": { "type": "Point", "coordinates": [ 35.809934, 8.188374 ] } },
{ "type": "Feature", "properties": { "marketLat": 7.151823, "marketLon": 35.813413 }, "geometry": { "type": "Point", "coordinates": [ 35.813413, 7.151823 ] } },
{ "type": "Feature", "properties": { "marketLat": 8.462296, "marketLon": 35.817027 }, "geometry": { "type": "Point", "coordinates": [ 35.817027, 8.462296 ] } },
{ "type": "Feature", "properties": { "marketLat": 8.983951, "marketLon": 35.821683 }, "geometry": { "type": "Point", "coordinates": [ 35.821683, 8.983951 ] } },
{ "type": "Feature", "properties": { "marketLat": 7.828251, "marketLon": 35.822232 }, "geometry": { "type": "Point", "coordinates": [ 35.822232, 7.828251 ] } },
{ "type": "Feature", "properties": { "marketLat": 8.886914, "marketLon": 35.864007 }, "geometry": { "type": "Point", "coordinates": [ 35.864007, 8.886914 ] } },
{ "type": "Feature", "properties": { "marketLat": 10.534081, "marketLon": 35.870313 }, "geometry": { "type": "Point", "coordinates": [ 35.870313, 10.534081 ] } },
{ "type": "Feature", "properties": { "marketLat": 7.249811, "marketLon": 35.880967 }, "geometry": { "type": "Point", "coordinates": [ 35.880967, 7.249811 ] } },
{ "type": "Feature", "properties": { "marketLat": 8.448613, "marketLon": 35.884902 }, "geometry": { "type": "Point", "coordinates": [ 35.884902, 8.448613 ] } },
{ "type": "Feature", "properties": { "marketLat": 12.212267, "marketLon": 35.895533 }, "geometry": { "type": "Point", "coordinates": [ 35.895533, 12.212267 ] } },
{ "type": "Feature", "properties": { "marketLat": 8.368944, "marketLon": 35.919339 }, "geometry": { "type": "Point", "coordinates": [ 35.919339, 8.368944 ] } },
{ "type": "Feature", "properties": { "marketLat": 7.556235, "marketLon": 35.919517 }, "geometry": { "type": "Point", "coordinates": [ 35.919517, 7.556235 ] } },
{ "type": "Feature", "properties": { "marketLat": 10.533851, "marketLon": 35.935591 }, "geometry": { "type": "Point", "coordinates": [ 35.935591, 10.533851 ] } },
{ "type": "Feature", "properties": { "marketLat": 7.586344, "marketLon": 35.947621 }, "geometry": { "type": "Point", "coordinates": [ 35.947621, 7.586344 ] } },
{ "type": "Feature", "properties": { "marketLat": 8.534777, "marketLon": 35.947364 }, "geometry": { "type": "Point", "coordinates": [ 35.947364, 8.534777 ] } },
{ "type": "Feature", "properties": { "marketLat": 12.394134, "marketLon": 35.963943 }, "geometry": { "type": "Point", "coordinates": [ 35.963943, 12.394134 ] } },
{ "type": "Feature", "properties": { "marketLat": 8.385046, "marketLon": 35.978561 }, "geometry": { "type": "Point", "coordinates": [ 35.978561, 8.385046 ] } },
{ "type": "Feature", "properties": { "marketLat": 7.300112, "marketLon": 35.9877 }, "geometry": { "type": "Point", "coordinates": [ 35.9877, 7.300112 ] } },
{ "type": "Feature", "properties": { "marketLat": 8.463942, "marketLon": 36.004608 }, "geometry": { "type": "Point", "coordinates": [ 36.004608, 8.463942 ] } },
{ "type": "Feature", "properties": { "marketLat": 10.520501, "marketLon": 36.004704 }, "geometry": { "type": "Point", "coordinates": [ 36.004704, 10.520501 ] } },
{ "type": "Feature", "properties": { "marketLat": 9.029767, "marketLon": 36.023282 }, "geometry": { "type": "Point", "coordinates": [ 36.023282, 9.029767 ] } },
{ "type": "Feature", "properties": { "marketLat": 8.490466, "marketLon": 36.026658 }, "geometry": { "type": "Point", "coordinates": [ 36.026658, 8.490466 ] } },
{ "type": "Feature", "properties": { "marketLat": 8.684161, "marketLon": 36.030965 }, "geometry": { "type": "Point", "coordinates": [ 36.030965, 8.684161 ] } },
{ "type": "Feature", "properties": { "marketLat": 7.843414, "marketLon": 36.045846 }, "geometry": { "type": "Point", "coordinates": [ 36.045846, 7.843414 ] } },
{ "type": "Feature", "properties": { "marketLat": 7.840541, "marketLon": 36.047676 }, "geometry": { "type": "Point", "coordinates": [ 36.047676, 7.840541 ] } },
{ "type": "Feature", "properties": { "marketLat": 7.385325, "marketLon": 36.08613 }, "geometry": { "type": "Point", "coordinates": [ 36.08613, 7.385325 ] } },
{ "type": "Feature", "properties": { "marketLat": 8.04529, "marketLon": 36.097041 }, "geometry": { "type": "Point", "coordinates": [ 36.097041, 8.04529 ] } },
{ "type": "Feature", "properties": { "marketLat": 9.06343, "marketLon": 36.104354 }, "geometry": { "type": "Point", "coordinates": [ 36.104354, 9.06343 ] } },
{ "type": "Feature", "properties": { "marketLat": 8.469411, "marketLon": 36.106561 }, "geometry": { "type": "Point", "coordinates": [ 36.106561, 8.469411 ] } },
{ "type": "Feature", "properties": { "marketLat": 7.470678, "marketLon": 36.119569 }, "geometry": { "type": "Point", "coordinates": [ 36.119569, 7.470678 ] } },
{ "type": "Feature", "properties": { "marketLat": 12.567937, "marketLon": 36.125305 }, "geometry": { "type": "Point", "coordinates": [ 36.125305, 12.567937 ] } },
{ "type": "Feature", "properties": { "marketLat": 10.439062, "marketLon": 36.133878 }, "geometry": { "type": "Point", "coordinates": [ 36.133878, 10.439062 ] } },
{ "type": "Feature", "properties": { "marketLat": 8.634078, "marketLon": 36.136501 }, "geometry": { "type": "Point", "coordinates": [ 36.136501, 8.634078 ] } },
{ "type": "Feature", "properties": { "marketLat": 8.465383, "marketLon": 36.162797 }, "geometry": { "type": "Point", "coordinates": [ 36.162797, 8.465383 ] } },
{ "type": "Feature", "properties": { "marketLat": 10.577607, "marketLon": 36.176986 }, "geometry": { "type": "Point", "coordinates": [ 36.176986, 10.577607 ] } },
{ "type": "Feature", "properties": { "marketLat": 7.135777, "marketLon": 36.18484 }, "geometry": { "type": "Point", "coordinates": [ 36.18484, 7.135777 ] } },
{ "type": "Feature", "properties": { "marketLat": 7.130236, "marketLon": 36.18916 }, "geometry": { "type": "Point", "coordinates": [ 36.18916, 7.130236 ] } },
{ "type": "Feature", "properties": { "marketLat": 7.746343, "marketLon": 36.188028 }, "geometry": { "type": "Point", "coordinates": [ 36.188028, 7.746343 ] } },
{ "type": "Feature", "properties": { "marketLat": 9.217298, "marketLon": 36.211672 }, "geometry": { "type": "Point", "coordinates": [ 36.211672, 9.217298 ] } },
{ "type": "Feature", "properties": { "marketLat": 9.293579, "marketLon": 36.218226 }, "geometry": { "type": "Point", "coordinates": [ 36.218226, 9.293579 ] } },
{ "type": "Feature", "properties": { "marketLat": 6.310495, "marketLon": 36.228338 }, "geometry": { "type": "Point", "coordinates": [ 36.228338, 6.310495 ] } },
{ "type": "Feature", "properties": { "marketLat": 7.403069, "marketLon": 36.232212 }, "geometry": { "type": "Point", "coordinates": [ 36.232212, 7.403069 ] } },
{ "type": "Feature", "properties": { "marketLat": 8.18162, "marketLon": 36.236033 }, "geometry": { "type": "Point", "coordinates": [ 36.236033, 8.18162 ] } },
{ "type": "Feature", "properties": { "marketLat": 9.042675, "marketLon": 36.246836 }, "geometry": { "type": "Point", "coordinates": [ 36.246836, 9.042675 ] } },
{ "type": "Feature", "properties": { "marketLat": 9.228385, "marketLon": 36.251645 }, "geometry": { "type": "Point", "coordinates": [ 36.251645, 9.228385 ] } },
{ "type": "Feature", "properties": { "marketLat": 7.741075, "marketLon": 36.252717 }, "geometry": { "type": "Point", "coordinates": [ 36.252717, 7.741075 ] } },
{ "type": "Feature", "properties": { "marketLat": 10.77043, "marketLon": 36.262842 }, "geometry": { "type": "Point", "coordinates": [ 36.262842, 10.77043 ] } },
{ "type": "Feature", "properties": { "marketLat": 7.052922, "marketLon": 36.284611 }, "geometry": { "type": "Point", "coordinates": [ 36.284611, 7.052922 ] } },
{ "type": "Feature", "properties": { "marketLat": 8.689403, "marketLon": 36.286744 }, "geometry": { "type": "Point", "coordinates": [ 36.286744, 8.689403 ] } },
{ "type": "Feature", "properties": { "marketLat": 7.498339, "marketLon": 36.294113 }, "geometry": { "type": "Point", "coordinates": [ 36.294113, 7.498339 ] } },
{ "type": "Feature", "properties": { "marketLat": 11.227659, "marketLon": 36.306193 }, "geometry": { "type": "Point", "coordinates": [ 36.306193, 11.227659 ] } },
{ "type": "Feature", "properties": { "marketLat": 8.57654, "marketLon": 36.310983 }, "geometry": { "type": "Point", "coordinates": [ 36.310983, 8.57654 ] } },
{ "type": "Feature", "properties": { "marketLat": 11.777074, "marketLon": 36.333583 }, "geometry": { "type": "Point", "coordinates": [ 36.333583, 11.777074 ] } },
{ "type": "Feature", "properties": { "marketLat": 8.042518, "marketLon": 36.341363 }, "geometry": { "type": "Point", "coordinates": [ 36.341363, 8.042518 ] } },
{ "type": "Feature", "properties": { "marketLat": 9.205778, "marketLon": 36.358525 }, "geometry": { "type": "Point", "coordinates": [ 36.358525, 9.205778 ] } },
{ "type": "Feature", "properties": { "marketLat": 7.520428, "marketLon": 36.350021 }, "geometry": { "type": "Point", "coordinates": [ 36.350021, 7.520428 ] } },
{ "type": "Feature", "properties": { "marketLat": 9.315027, "marketLon": 36.37374 }, "geometry": { "type": "Point", "coordinates": [ 36.37374, 9.315027 ] } },
{ "type": "Feature", "properties": { "marketLat": 11.252601, "marketLon": 36.376052 }, "geometry": { "type": "Point", "coordinates": [ 36.376052, 11.252601 ] } },
{ "type": "Feature", "properties": { "marketLat": 11.260359, "marketLon": 36.393668 }, "geometry": { "type": "Point", "coordinates": [ 36.393668, 11.260359 ] } },
{ "type": "Feature", "properties": { "marketLat": 7.532187, "marketLon": 36.394791 }, "geometry": { "type": "Point", "coordinates": [ 36.394791, 7.532187 ] } },
{ "type": "Feature", "properties": { "marketLat": 10.657282, "marketLon": 36.400126 }, "geometry": { "type": "Point", "coordinates": [ 36.400126, 10.657282 ] } },
{ "type": "Feature", "properties": { "marketLat": 9.149621, "marketLon": 36.407944 }, "geometry": { "type": "Point", "coordinates": [ 36.407944, 9.149621 ] } },
{ "type": "Feature", "properties": { "marketLat": 7.463783, "marketLon": 36.422735 }, "geometry": { "type": "Point", "coordinates": [ 36.422735, 7.463783 ] } },
{ "type": "Feature", "properties": { "marketLat": 10.704453, "marketLon": 36.434663 }, "geometry": { "type": "Point", "coordinates": [ 36.434663, 10.704453 ] } },
{ "type": "Feature", "properties": { "marketLat": 7.114989, "marketLon": 36.468865 }, "geometry": { "type": "Point", "coordinates": [ 36.468865, 7.114989 ] } },
{ "type": "Feature", "properties": { "marketLat": 10.715563, "marketLon": 36.490208 }, "geometry": { "type": "Point", "coordinates": [ 36.490208, 10.715563 ] } },
{ "type": "Feature", "properties": { "marketLat": 8.563556, "marketLon": 36.490887 }, "geometry": { "type": "Point", "coordinates": [ 36.490887, 8.563556 ] } },
{ "type": "Feature", "properties": { "marketLat": 10.706884, "marketLon": 36.493474 }, "geometry": { "type": "Point", "coordinates": [ 36.493474, 10.706884 ] } },
{ "type": "Feature", "properties": { "marketLat": 11.565156, "marketLon": 36.495354 }, "geometry": { "type": "Point", "coordinates": [ 36.495354, 11.565156 ] } },
{ "type": "Feature", "properties": { "marketLat": 7.661018, "marketLon": 36.494489 }, "geometry": { "type": "Point", "coordinates": [ 36.494489, 7.661018 ] } },
{ "type": "Feature", "properties": { "marketLat": 9.188422, "marketLon": 36.505581 }, "geometry": { "type": "Point", "coordinates": [ 36.505581, 9.188422 ] } },
{ "type": "Feature", "properties": { "marketLat": 9.259375, "marketLon": 36.518534 }, "geometry": { "type": "Point", "coordinates": [ 36.518534, 9.259375 ] } },
{ "type": "Feature", "properties": { "marketLat": 8.43104, "marketLon": 36.527329 }, "geometry": { "type": "Point", "coordinates": [ 36.527329, 8.43104 ] } },
{ "type": "Feature", "properties": { "marketLat": 10.825462, "marketLon": 36.536248 }, "geometry": { "type": "Point", "coordinates": [ 36.536248, 10.825462 ] } },
{ "type": "Feature", "properties": { "marketLat": 9.464758, "marketLon": 36.534877 }, "geometry": { "type": "Point", "coordinates": [ 36.534877, 9.464758 ] } },
{ "type": "Feature", "properties": { "marketLat": 9.088722, "marketLon": 36.539435 }, "geometry": { "type": "Point", "coordinates": [ 36.539435, 9.088722 ] } },
{ "type": "Feature", "properties": { "marketLat": 9.088724, "marketLon": 36.539435 }, "geometry": { "type": "Point", "coordinates": [ 36.539435, 9.088724 ] } },
{ "type": "Feature", "properties": { "marketLat": 9.586114, "marketLon": 36.541643 }, "geometry": { "type": "Point", "coordinates": [ 36.541643, 9.586114 ] } },
{ "type": "Feature", "properties": { "marketLat": 11.048927, "marketLon": 36.544611 }, "geometry": { "type": "Point", "coordinates": [ 36.544611, 11.048927 ] } },
{ "type": "Feature", "properties": { "marketLat": 8.13722, "marketLon": 36.545356 }, "geometry": { "type": "Point", "coordinates": [ 36.545356, 8.13722 ] } },
{ "type": "Feature", "properties": { "marketLat": 11.280139, "marketLon": 36.546662 }, "geometry": { "type": "Point", "coordinates": [ 36.546662, 11.280139 ] } },
{ "type": "Feature", "properties": { "marketLat": 11.372883, "marketLon": 36.559076 }, "geometry": { "type": "Point", "coordinates": [ 36.559076, 11.372883 ] } },
{ "type": "Feature", "properties": { "marketLat": 5.78917, "marketLon": 36.56478 }, "geometry": { "type": "Point", "coordinates": [ 36.56478, 5.78917 ] } },
{ "type": "Feature", "properties": { "marketLat": 10.677604, "marketLon": 36.568739 }, "geometry": { "type": "Point", "coordinates": [ 36.568739, 10.677604 ] } },
{ "type": "Feature", "properties": { "marketLat": 7.853161, "marketLon": 36.593763 }, "geometry": { "type": "Point", "coordinates": [ 36.593763, 7.853161 ] } },
{ "type": "Feature", "properties": { "marketLat": 10.809719, "marketLon": 36.587742 }, "geometry": { "type": "Point", "coordinates": [ 36.587742, 10.809719 ] } },
{ "type": "Feature", "properties": { "marketLat": 6.062839, "marketLon": 36.591008 }, "geometry": { "type": "Point", "coordinates": [ 36.591008, 6.062839 ] } },
{ "type": "Feature", "properties": { "marketLat": 8.924101, "marketLon": 36.590072 }, "geometry": { "type": "Point", "coordinates": [ 36.590072, 8.924101 ] } },
{ "type": "Feature", "properties": { "marketLat": 5.422069, "marketLon": 36.614864 }, "geometry": { "type": "Point", "coordinates": [ 36.614864, 5.422069 ] } },
{ "type": "Feature", "properties": { "marketLat": 7.5552, "marketLon": 36.622365 }, "geometry": { "type": "Point", "coordinates": [ 36.622365, 7.5552 ] } },
{ "type": "Feature", "properties": { "marketLat": 6.300912, "marketLon": 36.623389 }, "geometry": { "type": "Point", "coordinates": [ 36.623389, 6.300912 ] } },
{ "type": "Feature", "properties": { "marketLat": 9.441163, "marketLon": 36.624413 }, "geometry": { "type": "Point", "coordinates": [ 36.624413, 9.441163 ] } },
{ "type": "Feature", "properties": { "marketLat": 10.71987, "marketLon": 36.624702 }, "geometry": { "type": "Point", "coordinates": [ 36.624702, 10.71987 ] } },
{ "type": "Feature", "properties": { "marketLat": 9.296274, "marketLon": 36.627329 }, "geometry": { "type": "Point", "coordinates": [ 36.627329, 9.296274 ] } },
{ "type": "Feature", "properties": { "marketLat": 5.720698, "marketLon": 36.627973 }, "geometry": { "type": "Point", "coordinates": [ 36.627973, 5.720698 ] } },
{ "type": "Feature", "properties": { "marketLat": 9.562518, "marketLon": 36.628437 }, "geometry": { "type": "Point", "coordinates": [ 36.628437, 9.562518 ] } },
{ "type": "Feature", "properties": { "marketLat": 9.66762, "marketLon": 36.636663 }, "geometry": { "type": "Point", "coordinates": [ 36.636663, 9.66762 ] } },
{ "type": "Feature", "properties": { "marketLat": 11.362473, "marketLon": 36.644901 }, "geometry": { "type": "Point", "coordinates": [ 36.644901, 11.362473 ] } },
{ "type": "Feature", "properties": { "marketLat": 8.483167, "marketLon": 36.646313 }, "geometry": { "type": "Point", "coordinates": [ 36.646313, 8.483167 ] } },
{ "type": "Feature", "properties": { "marketLat": 8.320089, "marketLon": 36.647538 }, "geometry": { "type": "Point", "coordinates": [ 36.647538, 8.320089 ] } },
{ "type": "Feature", "properties": { "marketLat": 5.653702, "marketLon": 36.65867 }, "geometry": { "type": "Point", "coordinates": [ 36.65867, 5.653702 ] } },
{ "type": "Feature", "properties": { "marketLat": 8.969498, "marketLon": 36.671549 }, "geometry": { "type": "Point", "coordinates": [ 36.671549, 8.969498 ] } },
{ "type": "Feature", "properties": { "marketLat": 11.187881, "marketLon": 36.673837 }, "geometry": { "type": "Point", "coordinates": [ 36.673837, 11.187881 ] } },
{ "type": "Feature", "properties": { "marketLat": 10.051539, "marketLon": 36.67361 }, "geometry": { "type": "Point", "coordinates": [ 36.67361, 10.051539 ] } },
{ "type": "Feature", "properties": { "marketLat": 7.717328, "marketLon": 36.676115 }, "geometry": { "type": "Point", "coordinates": [ 36.676115, 7.717328 ] } },
{ "type": "Feature", "properties": { "marketLat": 10.688243, "marketLon": 36.676174 }, "geometry": { "type": "Point", "coordinates": [ 36.676174, 10.688243 ] } },
{ "type": "Feature", "properties": { "marketLat": 7.812995, "marketLon": 36.686053 }, "geometry": { "type": "Point", "coordinates": [ 36.686053, 7.812995 ] } },
{ "type": "Feature", "properties": { "marketLat": 7.974546, "marketLon": 36.690946 }, "geometry": { "type": "Point", "coordinates": [ 36.690946, 7.974546 ] } },
{ "type": "Feature", "properties": { "marketLat": 9.523581, "marketLon": 36.693022 }, "geometry": { "type": "Point", "coordinates": [ 36.693022, 9.523581 ] } },
{ "type": "Feature", "properties": { "marketLat": 9.588701, "marketLon": 36.704212 }, "geometry": { "type": "Point", "coordinates": [ 36.704212, 9.588701 ] } },
{ "type": "Feature", "properties": { "marketLat": 8.385182, "marketLon": 36.714097 }, "geometry": { "type": "Point", "coordinates": [ 36.714097, 8.385182 ] } },
{ "type": "Feature", "properties": { "marketLat": 7.504508, "marketLon": 36.718203 }, "geometry": { "type": "Point", "coordinates": [ 36.718203, 7.504508 ] } },
{ "type": "Feature", "properties": { "marketLat": 9.379093, "marketLon": 36.719251 }, "geometry": { "type": "Point", "coordinates": [ 36.719251, 9.379093 ] } },
{ "type": "Feature", "properties": { "marketLat": 9.045018, "marketLon": 36.721789 }, "geometry": { "type": "Point", "coordinates": [ 36.721789, 9.045018 ] } },
{ "type": "Feature", "properties": { "marketLat": 9.533704, "marketLon": 36.723713 }, "geometry": { "type": "Point", "coordinates": [ 36.723713, 9.533704 ] } },
{ "type": "Feature", "properties": { "marketLat": 5.86497, "marketLon": 36.724198 }, "geometry": { "type": "Point", "coordinates": [ 36.724198, 5.86497 ] } },
{ "type": "Feature", "properties": { "marketLat": 11.796754, "marketLon": 36.724364 }, "geometry": { "type": "Point", "coordinates": [ 36.724364, 11.796754 ] } },
{ "type": "Feature", "properties": { "marketLat": 10.744142, "marketLon": 36.728465 }, "geometry": { "type": "Point", "coordinates": [ 36.728465, 10.744142 ] } },
{ "type": "Feature", "properties": { "marketLat": 8.234111, "marketLon": 36.731156 }, "geometry": { "type": "Point", "coordinates": [ 36.731156, 8.234111 ] } },
{ "type": "Feature", "properties": { "marketLat": 10.615553, "marketLon": 36.739265 }, "geometry": { "type": "Point", "coordinates": [ 36.739265, 10.615553 ] } },
{ "type": "Feature", "properties": { "marketLat": 10.584125, "marketLon": 36.741263 }, "geometry": { "type": "Point", "coordinates": [ 36.741263, 10.584125 ] } },
{ "type": "Feature", "properties": { "marketLat": 11.062973, "marketLon": 36.745431 }, "geometry": { "type": "Point", "coordinates": [ 36.745431, 11.062973 ] } },
{ "type": "Feature", "properties": { "marketLat": 8.139524, "marketLon": 36.744237 }, "geometry": { "type": "Point", "coordinates": [ 36.744237, 8.139524 ] } },
{ "type": "Feature", "properties": { "marketLat": 11.573082, "marketLon": 36.749818 }, "geometry": { "type": "Point", "coordinates": [ 36.749818, 11.573082 ] } },
{ "type": "Feature", "properties": { "marketLat": 9.744022, "marketLon": 36.756132 }, "geometry": { "type": "Point", "coordinates": [ 36.756132, 9.744022 ] } },
{ "type": "Feature", "properties": { "marketLat": 10.103765, "marketLon": 36.759764 }, "geometry": { "type": "Point", "coordinates": [ 36.759764, 10.103765 ] } },
{ "type": "Feature", "properties": { "marketLat": 9.922612, "marketLon": 36.760993 }, "geometry": { "type": "Point", "coordinates": [ 36.760993, 9.922612 ] } },
{ "type": "Feature", "properties": { "marketLat": 11.196971, "marketLon": 36.762438 }, "geometry": { "type": "Point", "coordinates": [ 36.762438, 11.196971 ] } },
{ "type": "Feature", "properties": { "marketLat": 5.724606, "marketLon": 36.766591 }, "geometry": { "type": "Point", "coordinates": [ 36.766591, 5.724606 ] } },
{ "type": "Feature", "properties": { "marketLat": 7.387762, "marketLon": 36.772261 }, "geometry": { "type": "Point", "coordinates": [ 36.772261, 7.387762 ] } },
{ "type": "Feature", "properties": { "marketLat": 7.483893, "marketLon": 36.77946 }, "geometry": { "type": "Point", "coordinates": [ 36.77946, 7.483893 ] } },
{ "type": "Feature", "properties": { "marketLat": 11.324112, "marketLon": 36.782038 }, "geometry": { "type": "Point", "coordinates": [ 36.782038, 11.324112 ] } },
{ "type": "Feature", "properties": { "marketLat": 10.660191, "marketLon": 36.785038 }, "geometry": { "type": "Point", "coordinates": [ 36.785038, 10.660191 ] } },
{ "type": "Feature", "properties": { "marketLat": 8.347474, "marketLon": 36.803403 }, "geometry": { "type": "Point", "coordinates": [ 36.803403, 8.347474 ] } },
{ "type": "Feature", "properties": { "marketLat": 10.901401, "marketLon": 36.803952 }, "geometry": { "type": "Point", "coordinates": [ 36.803952, 10.901401 ] } },
{ "type": "Feature", "properties": { "marketLat": 6.281507, "marketLon": 36.805866 }, "geometry": { "type": "Point", "coordinates": [ 36.805866, 6.281507 ] } },
{ "type": "Feature", "properties": { "marketLat": 6.000643, "marketLon": 36.826328 }, "geometry": { "type": "Point", "coordinates": [ 36.826328, 6.000643 ] } },
{ "type": "Feature", "properties": { "marketLat": 5.458534, "marketLon": 36.841855 }, "geometry": { "type": "Point", "coordinates": [ 36.841855, 5.458534 ] } },
{ "type": "Feature", "properties": { "marketLat": 11.480083, "marketLon": 36.853467 }, "geometry": { "type": "Point", "coordinates": [ 36.853467, 11.480083 ] } },
{ "type": "Feature", "properties": { "marketLat": 5.803787, "marketLon": 36.856134 }, "geometry": { "type": "Point", "coordinates": [ 36.856134, 5.803787 ] } },
{ "type": "Feature", "properties": { "marketLat": 10.479593, "marketLon": 36.858146 }, "geometry": { "type": "Point", "coordinates": [ 36.858146, 10.479593 ] } },
{ "type": "Feature", "properties": { "marketLat": 10.042478, "marketLon": 36.869743 }, "geometry": { "type": "Point", "coordinates": [ 36.869743, 10.042478 ] } },
{ "type": "Feature", "properties": { "marketLat": 7.419758, "marketLon": 36.871524 }, "geometry": { "type": "Point", "coordinates": [ 36.871524, 7.419758 ] } },
{ "type": "Feature", "properties": { "marketLat": 11.787573, "marketLon": 36.877324 }, "geometry": { "type": "Point", "coordinates": [ 36.877324, 11.787573 ] } },
{ "type": "Feature", "properties": { "marketLat": 6.296773, "marketLon": 36.882826 }, "geometry": { "type": "Point", "coordinates": [ 36.882826, 6.296773 ] } },
{ "type": "Feature", "properties": { "marketLat": 6.054838, "marketLon": 36.888951 }, "geometry": { "type": "Point", "coordinates": [ 36.888951, 6.054838 ] } },
{ "type": "Feature", "properties": { "marketLat": 10.704438, "marketLon": 36.901842 }, "geometry": { "type": "Point", "coordinates": [ 36.901842, 10.704438 ] } },
{ "type": "Feature", "properties": { "marketLat": 11.604217, "marketLon": 36.90813 }, "geometry": { "type": "Point", "coordinates": [ 36.90813, 11.604217 ] } },
{ "type": "Feature", "properties": { "marketLat": 9.74127, "marketLon": 36.93348 }, "geometry": { "type": "Point", "coordinates": [ 36.93348, 9.74127 ] } },
{ "type": "Feature", "properties": { "marketLat": 10.145352, "marketLon": 36.935649 }, "geometry": { "type": "Point", "coordinates": [ 36.935649, 10.145352 ] } },
{ "type": "Feature", "properties": { "marketLat": 9.611316, "marketLon": 36.938839 }, "geometry": { "type": "Point", "coordinates": [ 36.938839, 9.611316 ] } },
{ "type": "Feature", "properties": { "marketLat": 8.201504, "marketLon": 36.93919 }, "geometry": { "type": "Point", "coordinates": [ 36.93919, 8.201504 ] } },
{ "type": "Feature", "properties": { "marketLat": 11.696287, "marketLon": 36.942341 }, "geometry": { "type": "Point", "coordinates": [ 36.942341, 11.696287 ] } },
{ "type": "Feature", "properties": { "marketLat": 10.543643, "marketLon": 36.946909 }, "geometry": { "type": "Point", "coordinates": [ 36.946909, 10.543643 ] } },
{ "type": "Feature", "properties": { "marketLat": 11.516393, "marketLon": 36.950679 }, "geometry": { "type": "Point", "coordinates": [ 36.950679, 11.516393 ] } },
{ "type": "Feature", "properties": { "marketLat": 9.092161, "marketLon": 36.951304 }, "geometry": { "type": "Point", "coordinates": [ 36.951304, 9.092161 ] } },
{ "type": "Feature", "properties": { "marketLat": 11.359776, "marketLon": 36.950744 }, "geometry": { "type": "Point", "coordinates": [ 36.950744, 11.359776 ] } },
{ "type": "Feature", "properties": { "marketLat": 5.761145, "marketLon": 36.955446 }, "geometry": { "type": "Point", "coordinates": [ 36.955446, 5.761145 ] } },
{ "type": "Feature", "properties": { "marketLat": 12.139347, "marketLon": 36.957502 }, "geometry": { "type": "Point", "coordinates": [ 36.957502, 12.139347 ] } },
{ "type": "Feature", "properties": { "marketLat": 10.720753, "marketLon": 36.958463 }, "geometry": { "type": "Point", "coordinates": [ 36.958463, 10.720753 ] } },
{ "type": "Feature", "properties": { "marketLat": 10.465437, "marketLon": 36.960746 }, "geometry": { "type": "Point", "coordinates": [ 36.960746, 10.465437 ] } },
{ "type": "Feature", "properties": { "marketLat": 11.186845, "marketLon": 36.977247 }, "geometry": { "type": "Point", "coordinates": [ 36.977247, 11.186845 ] } },
{ "type": "Feature", "properties": { "marketLat": 13.447937, "marketLon": 36.978678 }, "geometry": { "type": "Point", "coordinates": [ 36.978678, 13.447937 ] } },
{ "type": "Feature", "properties": { "marketLat": 7.711384, "marketLon": 36.982497 }, "geometry": { "type": "Point", "coordinates": [ 36.982497, 7.711384 ] } },
{ "type": "Feature", "properties": { "marketLat": 11.798816, "marketLon": 36.984208 }, "geometry": { "type": "Point", "coordinates": [ 36.984208, 11.798816 ] } },
{ "type": "Feature", "properties": { "marketLat": 11.070277, "marketLon": 36.99107 }, "geometry": { "type": "Point", "coordinates": [ 36.99107, 11.070277 ] } },
{ "type": "Feature", "properties": { "marketLat": 5.372664, "marketLon": 36.992238 }, "geometry": { "type": "Point", "coordinates": [ 36.992238, 5.372664 ] } },
{ "type": "Feature", "properties": { "marketLat": 6.384378, "marketLon": 37.003562 }, "geometry": { "type": "Point", "coordinates": [ 37.003562, 6.384378 ] } },
{ "type": "Feature", "properties": { "marketLat": 9.804872, "marketLon": 37.017356 }, "geometry": { "type": "Point", "coordinates": [ 37.017356, 9.804872 ] } },
{ "type": "Feature", "properties": { "marketLat": 6.24842, "marketLon": 37.019623 }, "geometry": { "type": "Point", "coordinates": [ 37.019623, 6.24842 ] } },
{ "type": "Feature", "properties": { "marketLat": 13.35815, "marketLon": 37.021911 }, "geometry": { "type": "Point", "coordinates": [ 37.021911, 13.35815 ] } },
{ "type": "Feature", "properties": { "marketLat": 9.288077, "marketLon": 37.022332 }, "geometry": { "type": "Point", "coordinates": [ 37.022332, 9.288077 ] } },
{ "type": "Feature", "properties": { "marketLat": 8.092052, "marketLon": 37.027191 }, "geometry": { "type": "Point", "coordinates": [ 37.027191, 8.092052 ] } },
{ "type": "Feature", "properties": { "marketLat": 9.282477, "marketLon": 37.028752 }, "geometry": { "type": "Point", "coordinates": [ 37.028752, 9.282477 ] } },
{ "type": "Feature", "properties": { "marketLat": 11.600748, "marketLon": 37.028616 }, "geometry": { "type": "Point", "coordinates": [ 37.028616, 11.600748 ] } },
{ "type": "Feature", "properties": { "marketLat": 11.068643, "marketLon": 37.039214 }, "geometry": { "type": "Point", "coordinates": [ 37.039214, 11.068643 ] } },
{ "type": "Feature", "properties": { "marketLat": 11.363599, "marketLon": 37.039282 }, "geometry": { "type": "Point", "coordinates": [ 37.039282, 11.363599 ] } },
{ "type": "Feature", "properties": { "marketLat": 8.436164, "marketLon": 37.045771 }, "geometry": { "type": "Point", "coordinates": [ 37.045771, 8.436164 ] } },
{ "type": "Feature", "properties": { "marketLat": 10.622669, "marketLon": 37.04631 }, "geometry": { "type": "Point", "coordinates": [ 37.04631, 10.622669 ] } },
{ "type": "Feature", "properties": { "marketLat": 12.188612, "marketLon": 37.050171 }, "geometry": { "type": "Point", "coordinates": [ 37.050171, 12.188612 ] } },
{ "type": "Feature", "properties": { "marketLat": 11.151809, "marketLon": 37.059545 }, "geometry": { "type": "Point", "coordinates": [ 37.059545, 11.151809 ] } },
{ "type": "Feature", "properties": { "marketLat": 10.701955, "marketLon": 37.059401 }, "geometry": { "type": "Point", "coordinates": [ 37.059401, 10.701955 ] } },
{ "type": "Feature", "properties": { "marketLat": 11.247995, "marketLon": 37.066577 }, "geometry": { "type": "Point", "coordinates": [ 37.066577, 11.247995 ] } },
{ "type": "Feature", "properties": { "marketLat": 12.319679, "marketLon": 37.075621 }, "geometry": { "type": "Point", "coordinates": [ 37.075621, 12.319679 ] } },
{ "type": "Feature", "properties": { "marketLat": 9.662349, "marketLon": 37.078537 }, "geometry": { "type": "Point", "coordinates": [ 37.078537, 9.662349 ] } },
{ "type": "Feature", "properties": { "marketLat": 8.118881, "marketLon": 37.083511 }, "geometry": { "type": "Point", "coordinates": [ 37.083511, 8.118881 ] } },
{ "type": "Feature", "properties": { "marketLat": 13.309628, "marketLon": 37.082978 }, "geometry": { "type": "Point", "coordinates": [ 37.082978, 13.309628 ] } },
{ "type": "Feature", "properties": { "marketLat": 7.903746, "marketLon": 37.09442 }, "geometry": { "type": "Point", "coordinates": [ 37.09442, 7.903746 ] } },
{ "type": "Feature", "properties": { "marketLat": 7.714335, "marketLon": 37.095903 }, "geometry": { "type": "Point", "coordinates": [ 37.095903, 7.714335 ] } },
{ "type": "Feature", "properties": { "marketLat": 11.148624, "marketLon": 37.099253 }, "geometry": { "type": "Point", "coordinates": [ 37.099253, 11.148624 ] } },
{ "type": "Feature", "properties": { "marketLat": 10.889633, "marketLon": 37.099699 }, "geometry": { "type": "Point", "coordinates": [ 37.099699, 10.889633 ] } },
{ "type": "Feature", "properties": { "marketLat": 11.088029, "marketLon": 37.102405 }, "geometry": { "type": "Point", "coordinates": [ 37.102405, 11.088029 ] } },
{ "type": "Feature", "properties": { "marketLat": 11.484141, "marketLon": 37.102875 }, "geometry": { "type": "Point", "coordinates": [ 37.102875, 11.484141 ] } },
{ "type": "Feature", "properties": { "marketLat": 12.394802, "marketLon": 37.109997 }, "geometry": { "type": "Point", "coordinates": [ 37.109997, 12.394802 ] } },
{ "type": "Feature", "properties": { "marketLat": 8.30346, "marketLon": 37.113244 }, "geometry": { "type": "Point", "coordinates": [ 37.113244, 8.30346 ] } },
{ "type": "Feature", "properties": { "marketLat": 9.093268, "marketLon": 37.123541 }, "geometry": { "type": "Point", "coordinates": [ 37.123541, 9.093268 ] } },
{ "type": "Feature", "properties": { "marketLat": 10.764642, "marketLon": 37.127557 }, "geometry": { "type": "Point", "coordinates": [ 37.127557, 10.764642 ] } },
{ "type": "Feature", "properties": { "marketLat": 13.530188, "marketLon": 37.130705 }, "geometry": { "type": "Point", "coordinates": [ 37.130705, 13.530188 ] } },
{ "type": "Feature", "properties": { "marketLat": 13.905558, "marketLon": 37.133661 }, "geometry": { "type": "Point", "coordinates": [ 37.133661, 13.905558 ] } },
{ "type": "Feature", "properties": { "marketLat": 12.669129, "marketLon": 37.141517 }, "geometry": { "type": "Point", "coordinates": [ 37.141517, 12.669129 ] } },
{ "type": "Feature", "properties": { "marketLat": 11.324113, "marketLon": 37.146142 }, "geometry": { "type": "Point", "coordinates": [ 37.146142, 11.324113 ] } },
{ "type": "Feature", "properties": { "marketLat": 13.227763, "marketLon": 37.149748 }, "geometry": { "type": "Point", "coordinates": [ 37.149748, 13.227763 ] } },
{ "type": "Feature", "properties": { "marketLat": 11.160226, "marketLon": 37.156824 }, "geometry": { "type": "Point", "coordinates": [ 37.156824, 11.160226 ] } },
{ "type": "Feature", "properties": { "marketLat": 11.055186, "marketLon": 37.158184 }, "geometry": { "type": "Point", "coordinates": [ 37.158184, 11.055186 ] } },
{ "type": "Feature", "properties": { "marketLat": 11.707915, "marketLon": 37.160971 }, "geometry": { "type": "Point", "coordinates": [ 37.160971, 11.707915 ] } },
{ "type": "Feature", "properties": { "marketLat": 11.411049, "marketLon": 37.160167 }, "geometry": { "type": "Point", "coordinates": [ 37.160167, 11.411049 ] } },
{ "type": "Feature", "properties": { "marketLat": 10.845904, "marketLon": 37.160942 }, "geometry": { "type": "Point", "coordinates": [ 37.160942, 10.845904 ] } },
{ "type": "Feature", "properties": { "marketLat": 10.588168, "marketLon": 37.170716 }, "geometry": { "type": "Point", "coordinates": [ 37.170716, 10.588168 ] } },
{ "type": "Feature", "properties": { "marketLat": 11.259255, "marketLon": 37.171292 }, "geometry": { "type": "Point", "coordinates": [ 37.171292, 11.259255 ] } },
{ "type": "Feature", "properties": { "marketLat": 11.095564, "marketLon": 37.172235 }, "geometry": { "type": "Point", "coordinates": [ 37.172235, 11.095564 ] } },
{ "type": "Feature", "properties": { "marketLat": 7.454659, "marketLon": 37.18151 }, "geometry": { "type": "Point", "coordinates": [ 37.18151, 7.454659 ] } },
{ "type": "Feature", "properties": { "marketLat": 9.059682, "marketLon": 37.185653 }, "geometry": { "type": "Point", "coordinates": [ 37.185653, 9.059682 ] } },
{ "type": "Feature", "properties": { "marketLat": 11.310182, "marketLon": 37.209032 }, "geometry": { "type": "Point", "coordinates": [ 37.209032, 11.310182 ] } },
{ "type": "Feature", "properties": { "marketLat": 11.656616, "marketLon": 37.216458 }, "geometry": { "type": "Point", "coordinates": [ 37.216458, 11.656616 ] } },
{ "type": "Feature", "properties": { "marketLat": 7.754787, "marketLon": 37.223395 }, "geometry": { "type": "Point", "coordinates": [ 37.223395, 7.754787 ] } },
{ "type": "Feature", "properties": { "marketLat": 12.620548, "marketLon": 37.229894 }, "geometry": { "type": "Point", "coordinates": [ 37.229894, 12.620548 ] } },
{ "type": "Feature", "properties": { "marketLat": 12.266223, "marketLon": 37.24309 }, "geometry": { "type": "Point", "coordinates": [ 37.24309, 12.266223 ] } },
{ "type": "Feature", "properties": { "marketLat": 7.633222, "marketLon": 37.251639 }, "geometry": { "type": "Point", "coordinates": [ 37.251639, 7.633222 ] } },
{ "type": "Feature", "properties": { "marketLat": 4.853023, "marketLon": 37.253031 }, "geometry": { "type": "Point", "coordinates": [ 37.253031, 4.853023 ] } },
{ "type": "Feature", "properties": { "marketLat": 10.685307, "marketLon": 37.263295 }, "geometry": { "type": "Point", "coordinates": [ 37.263295, 10.685307 ] } },
{ "type": "Feature", "properties": { "marketLat": 10.464805, "marketLon": 37.262768 }, "geometry": { "type": "Point", "coordinates": [ 37.262768, 10.464805 ] } },
{ "type": "Feature", "properties": { "marketLat": 8.763883, "marketLon": 37.267875 }, "geometry": { "type": "Point", "coordinates": [ 37.267875, 8.763883 ] } },
{ "type": "Feature", "properties": { "marketLat": 13.624223, "marketLon": 37.271957 }, "geometry": { "type": "Point", "coordinates": [ 37.271957, 13.624223 ] } },
{ "type": "Feature", "properties": { "marketLat": 6.06587, "marketLon": 37.27318 }, "geometry": { "type": "Point", "coordinates": [ 37.27318, 6.06587 ] } },
{ "type": "Feature", "properties": { "marketLat": 11.475454, "marketLon": 37.288911 }, "geometry": { "type": "Point", "coordinates": [ 37.288911, 11.475454 ] } },
{ "type": "Feature", "properties": { "marketLat": 11.228761, "marketLon": 37.289211 }, "geometry": { "type": "Point", "coordinates": [ 37.289211, 11.228761 ] } },
{ "type": "Feature", "properties": { "marketLat": 13.395681, "marketLon": 37.296148 }, "geometry": { "type": "Point", "coordinates": [ 37.296148, 13.395681 ] } },
{ "type": "Feature", "properties": { "marketLat": 11.327861, "marketLon": 37.297163 }, "geometry": { "type": "Point", "coordinates": [ 37.297163, 11.327861 ] } },
{ "type": "Feature", "properties": { "marketLat": 11.058384, "marketLon": 37.318311 }, "geometry": { "type": "Point", "coordinates": [ 37.318311, 11.058384 ] } },
{ "type": "Feature", "properties": { "marketLat": 12.645431, "marketLon": 37.317678 }, "geometry": { "type": "Point", "coordinates": [ 37.317678, 12.645431 ] } },
{ "type": "Feature", "properties": { "marketLat": 10.816056, "marketLon": 37.320921 }, "geometry": { "type": "Point", "coordinates": [ 37.320921, 10.816056 ] } },
{ "type": "Feature", "properties": { "marketLat": 10.983131, "marketLon": 37.327017 }, "geometry": { "type": "Point", "coordinates": [ 37.327017, 10.983131 ] } },
{ "type": "Feature", "properties": { "marketLat": 8.196388, "marketLon": 37.330847 }, "geometry": { "type": "Point", "coordinates": [ 37.330847, 8.196388 ] } },
{ "type": "Feature", "properties": { "marketLat": 12.426108, "marketLon": 37.324416 }, "geometry": { "type": "Point", "coordinates": [ 37.324416, 12.426108 ] } },
{ "type": "Feature", "properties": { "marketLat": 11.17138, "marketLon": 37.337869 }, "geometry": { "type": "Point", "coordinates": [ 37.337869, 11.17138 ] } },
{ "type": "Feature", "properties": { "marketLat": 11.282086, "marketLon": 37.346239 }, "geometry": { "type": "Point", "coordinates": [ 37.346239, 11.282086 ] } },
{ "type": "Feature", "properties": { "marketLat": 10.526678, "marketLon": 37.352399 }, "geometry": { "type": "Point", "coordinates": [ 37.352399, 10.526678 ] } },
{ "type": "Feature", "properties": { "marketLat": 13.221236, "marketLon": 37.352134 }, "geometry": { "type": "Point", "coordinates": [ 37.352134, 13.221236 ] } },
{ "type": "Feature", "properties": { "marketLat": 13.682749, "marketLon": 37.357398 }, "geometry": { "type": "Point", "coordinates": [ 37.357398, 13.682749 ] } },
{ "type": "Feature", "properties": { "marketLat": 5.292838, "marketLon": 37.358689 }, "geometry": { "type": "Point", "coordinates": [ 37.358689, 5.292838 ] } },
{ "type": "Feature", "properties": { "marketLat": 8.306561, "marketLon": 37.362126 }, "geometry": { "type": "Point", "coordinates": [ 37.362126, 8.306561 ] } },
{ "type": "Feature", "properties": { "marketLat": 11.569857, "marketLon": 37.362725 }, "geometry": { "type": "Point", "coordinates": [ 37.362725, 11.569857 ] } },
{ "type": "Feature", "properties": { "marketLat": 5.647076, "marketLon": 37.363926 }, "geometry": { "type": "Point", "coordinates": [ 37.363926, 5.647076 ] } },
{ "type": "Feature", "properties": { "marketLat": 8.312478, "marketLon": 37.36529 }, "geometry": { "type": "Point", "coordinates": [ 37.36529, 8.312478 ] } },
{ "type": "Feature", "properties": { "marketLat": 12.851377, "marketLon": 37.365958 }, "geometry": { "type": "Point", "coordinates": [ 37.365958, 12.851377 ] } },
{ "type": "Feature", "properties": { "marketLat": 13.614732, "marketLon": 37.368004 }, "geometry": { "type": "Point", "coordinates": [ 37.368004, 13.614732 ] } },
{ "type": "Feature", "properties": { "marketLat": 9.109879, "marketLon": 37.372086 }, "geometry": { "type": "Point", "coordinates": [ 37.372086, 9.109879 ] } },
{ "type": "Feature", "properties": { "marketLat": 10.679216, "marketLon": 37.380385 }, "geometry": { "type": "Point", "coordinates": [ 37.380385, 10.679216 ] } },
{ "type": "Feature", "properties": { "marketLat": 12.328057, "marketLon": 37.385744 }, "geometry": { "type": "Point", "coordinates": [ 37.385744, 12.328057 ] } },
{ "type": "Feature", "properties": { "marketLat": 5.067755, "marketLon": 37.38834 }, "geometry": { "type": "Point", "coordinates": [ 37.38834, 5.067755 ] } },
{ "type": "Feature", "properties": { "marketLat": 13.349365, "marketLon": 37.389071 }, "geometry": { "type": "Point", "coordinates": [ 37.389071, 13.349365 ] } },
{ "type": "Feature", "properties": { "marketLat": 9.383866, "marketLon": 37.390391 }, "geometry": { "type": "Point", "coordinates": [ 37.390391, 9.383866 ] } },
{ "type": "Feature", "properties": { "marketLat": 11.557673, "marketLon": 37.390652 }, "geometry": { "type": "Point", "coordinates": [ 37.390652, 11.557673 ] } },
{ "type": "Feature", "properties": { "marketLat": 11.097367, "marketLon": 37.390667 }, "geometry": { "type": "Point", "coordinates": [ 37.390667, 11.097367 ] } },
{ "type": "Feature", "properties": { "marketLat": 11.480472, "marketLon": 37.392421 }, "geometry": { "type": "Point", "coordinates": [ 37.392421, 11.480472 ] } },
{ "type": "Feature", "properties": { "marketLat": 11.267581, "marketLon": 37.394361 }, "geometry": { "type": "Point", "coordinates": [ 37.394361, 11.267581 ] } },
{ "type": "Feature", "properties": { "marketLat": 11.41256, "marketLon": 37.403053 }, "geometry": { "type": "Point", "coordinates": [ 37.403053, 11.41256 ] } },
{ "type": "Feature", "properties": { "marketLat": 13.397651, "marketLon": 37.401559 }, "geometry": { "type": "Point", "coordinates": [ 37.401559, 13.397651 ] } },
{ "type": "Feature", "properties": { "marketLat": 11.532946, "marketLon": 37.402175 }, "geometry": { "type": "Point", "coordinates": [ 37.402175, 11.532946 ] } },
{ "type": "Feature", "properties": { "marketLat": 11.60048, "marketLon": 37.405729 }, "geometry": { "type": "Point", "coordinates": [ 37.405729, 11.60048 ] } },
{ "type": "Feature", "properties": { "marketLat": 5.555208, "marketLon": 37.414364 }, "geometry": { "type": "Point", "coordinates": [ 37.414364, 5.555208 ] } },
{ "type": "Feature", "properties": { "marketLat": 12.741287, "marketLon": 37.413194 }, "geometry": { "type": "Point", "coordinates": [ 37.413194, 12.741287 ] } },
{ "type": "Feature", "properties": { "marketLat": 13.682312, "marketLon": 37.417601 }, "geometry": { "type": "Point", "coordinates": [ 37.417601, 13.682312 ] } },
{ "type": "Feature", "properties": { "marketLat": 13.803636, "marketLon": 37.417632 }, "geometry": { "type": "Point", "coordinates": [ 37.417632, 13.803636 ] } },
{ "type": "Feature", "properties": { "marketLat": 5.72296, "marketLon": 37.42054 }, "geometry": { "type": "Point", "coordinates": [ 37.42054, 5.72296 ] } },
{ "type": "Feature", "properties": { "marketLat": 10.822844, "marketLon": 37.427852 }, "geometry": { "type": "Point", "coordinates": [ 37.427852, 10.822844 ] } },
{ "type": "Feature", "properties": { "marketLat": 5.892892, "marketLon": 37.428706 }, "geometry": { "type": "Point", "coordinates": [ 37.428706, 5.892892 ] } },
{ "type": "Feature", "properties": { "marketLat": 13.588932, "marketLon": 37.428674 }, "geometry": { "type": "Point", "coordinates": [ 37.428674, 13.588932 ] } },
{ "type": "Feature", "properties": { "marketLat": 11.33222, "marketLon": 37.43302 }, "geometry": { "type": "Point", "coordinates": [ 37.43302, 11.33222 ] } },
{ "type": "Feature", "properties": { "marketLat": 7.969508, "marketLon": 37.442923 }, "geometry": { "type": "Point", "coordinates": [ 37.442923, 7.969508 ] } },
{ "type": "Feature", "properties": { "marketLat": 11.405848, "marketLon": 37.443711 }, "geometry": { "type": "Point", "coordinates": [ 37.443711, 11.405848 ] } },
{ "type": "Feature", "properties": { "marketLat": 8.040265, "marketLon": 37.447207 }, "geometry": { "type": "Point", "coordinates": [ 37.447207, 8.040265 ] } },
{ "type": "Feature", "properties": { "marketLat": 5.654467, "marketLon": 37.453321 }, "geometry": { "type": "Point", "coordinates": [ 37.453321, 5.654467 ] } },
{ "type": "Feature", "properties": { "marketLat": 6.469815, "marketLon": 37.459009 }, "geometry": { "type": "Point", "coordinates": [ 37.459009, 6.469815 ] } },
{ "type": "Feature", "properties": { "marketLat": 6.469821, "marketLon": 37.459016 }, "geometry": { "type": "Point", "coordinates": [ 37.459016, 6.469821 ] } },
{ "type": "Feature", "properties": { "marketLat": 11.62827, "marketLon": 37.463759 }, "geometry": { "type": "Point", "coordinates": [ 37.463759, 11.62827 ] } },
{ "type": "Feature", "properties": { "marketLat": 11.036999, "marketLon": 37.46443 }, "geometry": { "type": "Point", "coordinates": [ 37.46443, 11.036999 ] } },
{ "type": "Feature", "properties": { "marketLat": 12.6023, "marketLon": 37.466495 }, "geometry": { "type": "Point", "coordinates": [ 37.466495, 12.6023 ] } },
{ "type": "Feature", "properties": { "marketLat": 8.853834, "marketLon": 37.472346 }, "geometry": { "type": "Point", "coordinates": [ 37.472346, 8.853834 ] } },
{ "type": "Feature", "properties": { "marketLat": 10.420959, "marketLon": 37.471587 }, "geometry": { "type": "Point", "coordinates": [ 37.471587, 10.420959 ] } },
{ "type": "Feature", "properties": { "marketLat": 13.5742, "marketLon": 37.483413 }, "geometry": { "type": "Point", "coordinates": [ 37.483413, 13.5742 ] } },
{ "type": "Feature", "properties": { "marketLat": 11.503173, "marketLon": 37.486827 }, "geometry": { "type": "Point", "coordinates": [ 37.486827, 11.503173 ] } },
{ "type": "Feature", "properties": { "marketLat": 8.131565, "marketLon": 37.489669 }, "geometry": { "type": "Point", "coordinates": [ 37.489669, 8.131565 ] } },
{ "type": "Feature", "properties": { "marketLat": 11.27326, "marketLon": 37.489882 }, "geometry": { "type": "Point", "coordinates": [ 37.489882, 11.27326 ] } },
{ "type": "Feature", "properties": { "marketLat": 10.557039, "marketLon": 37.48791 }, "geometry": { "type": "Point", "coordinates": [ 37.48791, 10.557039 ] } },
{ "type": "Feature", "properties": { "marketLat": 11.14556, "marketLon": 37.492518 }, "geometry": { "type": "Point", "coordinates": [ 37.492518, 11.14556 ] } },
{ "type": "Feature", "properties": { "marketLat": 7.93543, "marketLon": 37.515494 }, "geometry": { "type": "Point", "coordinates": [ 37.515494, 7.93543 ] } },
{ "type": "Feature", "properties": { "marketLat": 9.129431, "marketLon": 37.516357 }, "geometry": { "type": "Point", "coordinates": [ 37.516357, 9.129431 ] } },
{ "type": "Feature", "properties": { "marketLat": 7.278768, "marketLon": 37.541259 }, "geometry": { "type": "Point", "coordinates": [ 37.541259, 7.278768 ] } },
{ "type": "Feature", "properties": { "marketLat": 11.177589, "marketLon": 37.54783 }, "geometry": { "type": "Point", "coordinates": [ 37.54783, 11.177589 ] } },
{ "type": "Feature", "properties": { "marketLat": 8.362372, "marketLon": 37.548754 }, "geometry": { "type": "Point", "coordinates": [ 37.548754, 8.362372 ] } },
{ "type": "Feature", "properties": { "marketLat": 6.00863, "marketLon": 37.545111 }, "geometry": { "type": "Point", "coordinates": [ 37.545111, 6.00863 ] } },
{ "type": "Feature", "properties": { "marketLat": 10.272943, "marketLon": 37.564472 }, "geometry": { "type": "Point", "coordinates": [ 37.564472, 10.272943 ] } },
{ "type": "Feature", "properties": { "marketLat": 10.442656, "marketLon": 37.566 }, "geometry": { "type": "Point", "coordinates": [ 37.566, 10.442656 ] } },
{ "type": "Feature", "properties": { "marketLat": 11.339796, "marketLon": 37.573773 }, "geometry": { "type": "Point", "coordinates": [ 37.573773, 11.339796 ] } },
{ "type": "Feature", "properties": { "marketLat": 6.246091, "marketLon": 37.576274 }, "geometry": { "type": "Point", "coordinates": [ 37.576274, 6.246091 ] } },
{ "type": "Feature", "properties": { "marketLat": 11.482416, "marketLon": 37.58891 }, "geometry": { "type": "Point", "coordinates": [ 37.58891, 11.482416 ] } },
{ "type": "Feature", "properties": { "marketLat": 8.324179, "marketLon": 37.590465 }, "geometry": { "type": "Point", "coordinates": [ 37.590465, 8.324179 ] } },
{ "type": "Feature", "properties": { "marketLat": 10.58037, "marketLon": 37.592157 }, "geometry": { "type": "Point", "coordinates": [ 37.592157, 10.58037 ] } },
{ "type": "Feature", "properties": { "marketLat": 11.198197, "marketLon": 37.596624 }, "geometry": { "type": "Point", "coordinates": [ 37.596624, 11.198197 ] } },
{ "type": "Feature", "properties": { "marketLat": 10.675615, "marketLon": 37.597738 }, "geometry": { "type": "Point", "coordinates": [ 37.597738, 10.675615 ] } },
{ "type": "Feature", "properties": { "marketLat": 11.17515, "marketLon": 37.604529 }, "geometry": { "type": "Point", "coordinates": [ 37.604529, 11.17515 ] } },
{ "type": "Feature", "properties": { "marketLat": 11.328756, "marketLon": 37.621252 }, "geometry": { "type": "Point", "coordinates": [ 37.621252, 11.328756 ] } },
{ "type": "Feature", "properties": { "marketLat": 11.066664, "marketLon": 37.621831 }, "geometry": { "type": "Point", "coordinates": [ 37.621831, 11.066664 ] } },
{ "type": "Feature", "properties": { "marketLat": 7.448679, "marketLon": 37.625107 }, "geometry": { "type": "Point", "coordinates": [ 37.625107, 7.448679 ] } },
{ "type": "Feature", "properties": { "marketLat": 12.765851, "marketLon": 37.628883 }, "geometry": { "type": "Point", "coordinates": [ 37.628883, 12.765851 ] } },
{ "type": "Feature", "properties": { "marketLat": 11.265464, "marketLon": 37.63188 }, "geometry": { "type": "Point", "coordinates": [ 37.63188, 11.265464 ] } },
{ "type": "Feature", "properties": { "marketLat": 11.706213, "marketLon": 37.632608 }, "geometry": { "type": "Point", "coordinates": [ 37.632608, 11.706213 ] } },
{ "type": "Feature", "properties": { "marketLat": 8.984377, "marketLon": 37.639001 }, "geometry": { "type": "Point", "coordinates": [ 37.639001, 8.984377 ] } },
{ "type": "Feature", "properties": { "marketLat": 11.808804, "marketLon": 37.645028 }, "geometry": { "type": "Point", "coordinates": [ 37.645028, 11.808804 ] } },
{ "type": "Feature", "properties": { "marketLat": 6.13504, "marketLon": 37.644715 }, "geometry": { "type": "Point", "coordinates": [ 37.644715, 6.13504 ] } },
{ "type": "Feature", "properties": { "marketLat": 8.300269, "marketLon": 37.655389 }, "geometry": { "type": "Point", "coordinates": [ 37.655389, 8.300269 ] } },
{ "type": "Feature", "properties": { "marketLat": 10.263551, "marketLon": 37.655984 }, "geometry": { "type": "Point", "coordinates": [ 37.655984, 10.263551 ] } },
{ "type": "Feature", "properties": { "marketLat": 7.192959, "marketLon": 37.660996 }, "geometry": { "type": "Point", "coordinates": [ 37.660996, 7.192959 ] } },
{ "type": "Feature", "properties": { "marketLat": 11.219859, "marketLon": 37.672795 }, "geometry": { "type": "Point", "coordinates": [ 37.672795, 11.219859 ] } },
{ "type": "Feature", "properties": { "marketLat": 10.956627, "marketLon": 37.681265 }, "geometry": { "type": "Point", "coordinates": [ 37.681265, 10.956627 ] } },
{ "type": "Feature", "properties": { "marketLat": 10.595157, "marketLon": 37.691002 }, "geometry": { "type": "Point", "coordinates": [ 37.691002, 10.595157 ] } },
{ "type": "Feature", "properties": { "marketLat": 7.467033, "marketLon": 37.691952 }, "geometry": { "type": "Point", "coordinates": [ 37.691952, 7.467033 ] } },
{ "type": "Feature", "properties": { "marketLat": 13.789435, "marketLon": 37.692973 }, "geometry": { "type": "Point", "coordinates": [ 37.692973, 13.789435 ] } },
{ "type": "Feature", "properties": { "marketLat": 11.922212, "marketLon": 37.703937 }, "geometry": { "type": "Point", "coordinates": [ 37.703937, 11.922212 ] } },
{ "type": "Feature", "properties": { "marketLat": 11.405021, "marketLon": 37.70555 }, "geometry": { "type": "Point", "coordinates": [ 37.70555, 11.405021 ] } },
{ "type": "Feature", "properties": { "marketLat": 7.07406, "marketLon": 37.706487 }, "geometry": { "type": "Point", "coordinates": [ 37.706487, 7.07406 ] } },
{ "type": "Feature", "properties": { "marketLat": 12.174509, "marketLon": 37.715307 }, "geometry": { "type": "Point", "coordinates": [ 37.715307, 12.174509 ] } },
{ "type": "Feature", "properties": { "marketLat": 8.378539, "marketLon": 37.720747 }, "geometry": { "type": "Point", "coordinates": [ 37.720747, 8.378539 ] } },
{ "type": "Feature", "properties": { "marketLat": 7.685445, "marketLon": 37.723296 }, "geometry": { "type": "Point", "coordinates": [ 37.723296, 7.685445 ] } },
{ "type": "Feature", "properties": { "marketLat": 14.166417, "marketLon": 37.724075 }, "geometry": { "type": "Point", "coordinates": [ 37.724075, 14.166417 ] } },
{ "type": "Feature", "properties": { "marketLat": 10.037792, "marketLon": 37.723932 }, "geometry": { "type": "Point", "coordinates": [ 37.723932, 10.037792 ] } },
{ "type": "Feature", "properties": { "marketLat": 10.348127, "marketLon": 37.727508 }, "geometry": { "type": "Point", "coordinates": [ 37.727508, 10.348127 ] } },
{ "type": "Feature", "properties": { "marketLat": 14.214653, "marketLon": 37.729819 }, "geometry": { "type": "Point", "coordinates": [ 37.729819, 14.214653 ] } },
{ "type": "Feature", "properties": { "marketLat": 12.448215, "marketLon": 37.732469 }, "geometry": { "type": "Point", "coordinates": [ 37.732469, 12.448215 ] } },
{ "type": "Feature", "properties": { "marketLat": 6.457812, "marketLon": 37.741644 }, "geometry": { "type": "Point", "coordinates": [ 37.741644, 6.457812 ] } },
{ "type": "Feature", "properties": { "marketLat": 10.848432, "marketLon": 37.742134 }, "geometry": { "type": "Point", "coordinates": [ 37.742134, 10.848432 ] } },
{ "type": "Feature", "properties": { "marketLat": 10.157999, "marketLon": 37.750225 }, "geometry": { "type": "Point", "coordinates": [ 37.750225, 10.157999 ] } },
{ "type": "Feature", "properties": { "marketLat": 11.628974, "marketLon": 37.750425 }, "geometry": { "type": "Point", "coordinates": [ 37.750425, 11.628974 ] } },
{ "type": "Feature", "properties": { "marketLat": 11.013731, "marketLon": 37.752234 }, "geometry": { "type": "Point", "coordinates": [ 37.752234, 11.013731 ] } },
{ "type": "Feature", "properties": { "marketLat": 6.855995, "marketLon": 37.765652 }, "geometry": { "type": "Point", "coordinates": [ 37.765652, 6.855995 ] } },
{ "type": "Feature", "properties": { "marketLat": 12.982127, "marketLon": 37.766839 }, "geometry": { "type": "Point", "coordinates": [ 37.766839, 12.982127 ] } },
{ "type": "Feature", "properties": { "marketLat": 14.070356, "marketLon": 37.76395 }, "geometry": { "type": "Point", "coordinates": [ 37.76395, 14.070356 ] } },
{ "type": "Feature", "properties": { "marketLat": 10.546095, "marketLon": 37.766686 }, "geometry": { "type": "Point", "coordinates": [ 37.766686, 10.546095 ] } },
{ "type": "Feature", "properties": { "marketLat": 6.295842, "marketLon": 37.772231 }, "geometry": { "type": "Point", "coordinates": [ 37.772231, 6.295842 ] } },
{ "type": "Feature", "properties": { "marketLat": 6.701899, "marketLon": 37.771252 }, "geometry": { "type": "Point", "coordinates": [ 37.771252, 6.701899 ] } },
{ "type": "Feature", "properties": { "marketLat": 11.73657, "marketLon": 37.770733 }, "geometry": { "type": "Point", "coordinates": [ 37.770733, 11.73657 ] } },
{ "type": "Feature", "properties": { "marketLat": 14.39549, "marketLon": 37.769113 }, "geometry": { "type": "Point", "coordinates": [ 37.769113, 14.39549 ] } },
{ "type": "Feature", "properties": { "marketLat": 6.706944, "marketLon": 37.776757 }, "geometry": { "type": "Point", "coordinates": [ 37.776757, 6.706944 ] } },
{ "type": "Feature", "properties": { "marketLat": 8.293971, "marketLon": 37.783633 }, "geometry": { "type": "Point", "coordinates": [ 37.783633, 8.293971 ] } },
{ "type": "Feature", "properties": { "marketLat": 7.352815, "marketLon": 37.78231 }, "geometry": { "type": "Point", "coordinates": [ 37.78231, 7.352815 ] } },
{ "type": "Feature", "properties": { "marketLat": 12.12497, "marketLon": 37.789034 }, "geometry": { "type": "Point", "coordinates": [ 37.789034, 12.12497 ] } },
{ "type": "Feature", "properties": { "marketLat": 8.191195, "marketLon": 37.797959 }, "geometry": { "type": "Point", "coordinates": [ 37.797959, 8.191195 ] } },
{ "type": "Feature", "properties": { "marketLat": 11.468887, "marketLon": 37.798524 }, "geometry": { "type": "Point", "coordinates": [ 37.798524, 11.468887 ] } },
{ "type": "Feature", "properties": { "marketLat": 11.930061, "marketLon": 37.802152 }, "geometry": { "type": "Point", "coordinates": [ 37.802152, 11.930061 ] } },
{ "type": "Feature", "properties": { "marketLat": 10.876866, "marketLon": 37.807651 }, "geometry": { "type": "Point", "coordinates": [ 37.807651, 10.876866 ] } },
{ "type": "Feature", "properties": { "marketLat": 10.932205, "marketLon": 37.817628 }, "geometry": { "type": "Point", "coordinates": [ 37.817628, 10.932205 ] } },
{ "type": "Feature", "properties": { "marketLat": 11.718292, "marketLon": 37.82054 }, "geometry": { "type": "Point", "coordinates": [ 37.82054, 11.718292 ] } },
{ "type": "Feature", "properties": { "marketLat": 11.541636, "marketLon": 37.818961 }, "geometry": { "type": "Point", "coordinates": [ 37.818961, 11.541636 ] } },
{ "type": "Feature", "properties": { "marketLat": 13.997174, "marketLon": 37.824005 }, "geometry": { "type": "Point", "coordinates": [ 37.824005, 13.997174 ] } },
{ "type": "Feature", "properties": { "marketLat": 12.477329, "marketLon": 37.830241 }, "geometry": { "type": "Point", "coordinates": [ 37.830241, 12.477329 ] } },
{ "type": "Feature", "properties": { "marketLat": 7.947569, "marketLon": 37.837567 }, "geometry": { "type": "Point", "coordinates": [ 37.837567, 7.947569 ] } },
{ "type": "Feature", "properties": { "marketLat": 8.599394, "marketLon": 37.843813 }, "geometry": { "type": "Point", "coordinates": [ 37.843813, 8.599394 ] } },
{ "type": "Feature", "properties": { "marketLat": 9.602863, "marketLon": 37.842745 }, "geometry": { "type": "Point", "coordinates": [ 37.842745, 9.602863 ] } },
{ "type": "Feature", "properties": { "marketLat": 11.774595, "marketLon": 37.847121 }, "geometry": { "type": "Point", "coordinates": [ 37.847121, 11.774595 ] } },
{ "type": "Feature", "properties": { "marketLat": 6.956178, "marketLon": 37.856385 }, "geometry": { "type": "Point", "coordinates": [ 37.856385, 6.956178 ] } },
{ "type": "Feature", "properties": { "marketLat": 11.808954, "marketLon": 37.856057 }, "geometry": { "type": "Point", "coordinates": [ 37.856057, 11.808954 ] } },
{ "type": "Feature", "properties": { "marketLat": 7.022051, "marketLon": 37.860658 }, "geometry": { "type": "Point", "coordinates": [ 37.860658, 7.022051 ] } },
{ "type": "Feature", "properties": { "marketLat": 7.348577, "marketLon": 37.862469 }, "geometry": { "type": "Point", "coordinates": [ 37.862469, 7.348577 ] } },
{ "type": "Feature", "properties": { "marketLat": 11.27339, "marketLon": 37.864886 }, "geometry": { "type": "Point", "coordinates": [ 37.864886, 11.27339 ] } },
{ "type": "Feature", "properties": { "marketLat": 11.652892, "marketLon": 37.886412 }, "geometry": { "type": "Point", "coordinates": [ 37.886412, 11.652892 ] } },
{ "type": "Feature", "properties": { "marketLat": 11.307355, "marketLon": 37.884084 }, "geometry": { "type": "Point", "coordinates": [ 37.884084, 11.307355 ] } },
{ "type": "Feature", "properties": { "marketLat": 12.298088, "marketLon": 37.888046 }, "geometry": { "type": "Point", "coordinates": [ 37.888046, 12.298088 ] } },
{ "type": "Feature", "properties": { "marketLat": 12.63692, "marketLon": 37.890563 }, "geometry": { "type": "Point", "coordinates": [ 37.890563, 12.63692 ] } },
{ "type": "Feature", "properties": { "marketLat": 12.111843, "marketLon": 37.890138 }, "geometry": { "type": "Point", "coordinates": [ 37.890138, 12.111843 ] } },
{ "type": "Feature", "properties": { "marketLat": 10.928442, "marketLon": 37.890807 }, "geometry": { "type": "Point", "coordinates": [ 37.890807, 10.928442 ] } },
{ "type": "Feature", "properties": { "marketLat": 4.962593, "marketLon": 37.891615 }, "geometry": { "type": "Point", "coordinates": [ 37.891615, 4.962593 ] } },
{ "type": "Feature", "properties": { "marketLat": 7.745281, "marketLon": 37.895553 }, "geometry": { "type": "Point", "coordinates": [ 37.895553, 7.745281 ] } },
{ "type": "Feature", "properties": { "marketLat": 13.158149, "marketLon": 37.906005 }, "geometry": { "type": "Point", "coordinates": [ 37.906005, 13.158149 ] } },
{ "type": "Feature", "properties": { "marketLat": 7.242429, "marketLon": 37.900655 }, "geometry": { "type": "Point", "coordinates": [ 37.900655, 7.242429 ] } },
{ "type": "Feature", "properties": { "marketLat": 5.680598, "marketLon": 37.901596 }, "geometry": { "type": "Point", "coordinates": [ 37.901596, 5.680598 ] } },
{ "type": "Feature", "properties": { "marketLat": 5.837606, "marketLon": 37.89488 }, "geometry": { "type": "Point", "coordinates": [ 37.89488, 5.837606 ] } },
{ "type": "Feature", "properties": { "marketLat": 12.951317, "marketLon": 37.909927 }, "geometry": { "type": "Point", "coordinates": [ 37.909927, 12.951317 ] } },
{ "type": "Feature", "properties": { "marketLat": 11.713327, "marketLon": 37.918943 }, "geometry": { "type": "Point", "coordinates": [ 37.918943, 11.713327 ] } },
{ "type": "Feature", "properties": { "marketLat": 8.441975, "marketLon": 37.921826 }, "geometry": { "type": "Point", "coordinates": [ 37.921826, 8.441975 ] } },
{ "type": "Feature", "properties": { "marketLat": 8.123718, "marketLon": 37.926814 }, "geometry": { "type": "Point", "coordinates": [ 37.926814, 8.123718 ] } },
{ "type": "Feature", "properties": { "marketLat": 7.732368, "marketLon": 37.928975 }, "geometry": { "type": "Point", "coordinates": [ 37.928975, 7.732368 ] } },
{ "type": "Feature", "properties": { "marketLat": 10.246251, "marketLon": 37.937857 }, "geometry": { "type": "Point", "coordinates": [ 37.937857, 10.246251 ] } },
{ "type": "Feature", "properties": { "marketLat": 11.38546, "marketLon": 37.942909 }, "geometry": { "type": "Point", "coordinates": [ 37.942909, 11.38546 ] } },
{ "type": "Feature", "properties": { "marketLat": 9.187622, "marketLon": 37.945266 }, "geometry": { "type": "Point", "coordinates": [ 37.945266, 9.187622 ] } },
{ "type": "Feature", "properties": { "marketLat": 9.333439, "marketLon": 37.947642 }, "geometry": { "type": "Point", "coordinates": [ 37.947642, 9.333439 ] } },
{ "type": "Feature", "properties": { "marketLat": 7.345005, "marketLon": 37.951591 }, "geometry": { "type": "Point", "coordinates": [ 37.951591, 7.345005 ] } },
{ "type": "Feature", "properties": { "marketLat": 14.094685, "marketLon": 37.960729 }, "geometry": { "type": "Point", "coordinates": [ 37.960729, 14.094685 ] } },
{ "type": "Feature", "properties": { "marketLat": 7.646403, "marketLon": 37.963145 }, "geometry": { "type": "Point", "coordinates": [ 37.963145, 7.646403 ] } },
{ "type": "Feature", "properties": { "marketLat": 10.967979, "marketLon": 37.968963 }, "geometry": { "type": "Point", "coordinates": [ 37.968963, 10.967979 ] } },
{ "type": "Feature", "properties": { "marketLat": 10.401564, "marketLon": 37.967348 }, "geometry": { "type": "Point", "coordinates": [ 37.967348, 10.401564 ] } },
{ "type": "Feature", "properties": { "marketLat": 9.12059, "marketLon": 37.972856 }, "geometry": { "type": "Point", "coordinates": [ 37.972856, 9.12059 ] } },
{ "type": "Feature", "properties": { "marketLat": 10.840792, "marketLon": 37.973249 }, "geometry": { "type": "Point", "coordinates": [ 37.973249, 10.840792 ] } },
{ "type": "Feature", "properties": { "marketLat": 8.53162, "marketLon": 37.971176 }, "geometry": { "type": "Point", "coordinates": [ 37.971176, 8.53162 ] } },
{ "type": "Feature", "properties": { "marketLat": 7.211638, "marketLon": 37.983504 }, "geometry": { "type": "Point", "coordinates": [ 37.983504, 7.211638 ] } },
{ "type": "Feature", "properties": { "marketLat": 12.074506, "marketLon": 37.984301 }, "geometry": { "type": "Point", "coordinates": [ 37.984301, 12.074506 ] } },
{ "type": "Feature", "properties": { "marketLat": 9.613008, "marketLon": 37.982195 }, "geometry": { "type": "Point", "coordinates": [ 37.982195, 9.613008 ] } },
{ "type": "Feature", "properties": { "marketLat": 14.452739, "marketLon": 37.989473 }, "geometry": { "type": "Point", "coordinates": [ 37.989473, 14.452739 ] } },
{ "type": "Feature", "properties": { "marketLat": 12.744111, "marketLon": 37.991369 }, "geometry": { "type": "Point", "coordinates": [ 37.991369, 12.744111 ] } },
{ "type": "Feature", "properties": { "marketLat": 9.488881, "marketLon": 37.993796 }, "geometry": { "type": "Point", "coordinates": [ 37.993796, 9.488881 ] } },
{ "type": "Feature", "properties": { "marketLat": 10.616601, "marketLon": 37.994987 }, "geometry": { "type": "Point", "coordinates": [ 37.994987, 10.616601 ] } },
{ "type": "Feature", "properties": { "marketLat": 7.995631, "marketLon": 38.002276 }, "geometry": { "type": "Point", "coordinates": [ 38.002276, 7.995631 ] } },
{ "type": "Feature", "properties": { "marketLat": 11.991859, "marketLon": 38.004587 }, "geometry": { "type": "Point", "coordinates": [ 38.004587, 11.991859 ] } },
{ "type": "Feature", "properties": { "marketLat": 12.34799, "marketLon": 38.007873 }, "geometry": { "type": "Point", "coordinates": [ 38.007873, 12.34799 ] } },
{ "type": "Feature", "properties": { "marketLat": 11.864376, "marketLon": 38.017295 }, "geometry": { "type": "Point", "coordinates": [ 38.017295, 11.864376 ] } },
{ "type": "Feature", "properties": { "marketLat": 5.559903, "marketLon": 38.014765 }, "geometry": { "type": "Point", "coordinates": [ 38.014765, 5.559903 ] } },
{ "type": "Feature", "properties": { "marketLat": 7.788631, "marketLon": 38.018427 }, "geometry": { "type": "Point", "coordinates": [ 38.018427, 7.788631 ] } },
{ "type": "Feature", "properties": { "marketLat": 8.977658, "marketLon": 38.018518 }, "geometry": { "type": "Point", "coordinates": [ 38.018518, 8.977658 ] } },
{ "type": "Feature", "properties": { "marketLat": 13.117996, "marketLon": 38.026653 }, "geometry": { "type": "Point", "coordinates": [ 38.026653, 13.117996 ] } },
{ "type": "Feature", "properties": { "marketLat": 9.576748, "marketLon": 38.028809 }, "geometry": { "type": "Point", "coordinates": [ 38.028809, 9.576748 ] } },
{ "type": "Feature", "properties": { "marketLat": 8.429085, "marketLon": 38.030154 }, "geometry": { "type": "Point", "coordinates": [ 38.030154, 8.429085 ] } },
{ "type": "Feature", "properties": { "marketLat": 7.875263, "marketLon": 38.031414 }, "geometry": { "type": "Point", "coordinates": [ 38.031414, 7.875263 ] } },
{ "type": "Feature", "properties": { "marketLat": 14.047234, "marketLon": 38.033018 }, "geometry": { "type": "Point", "coordinates": [ 38.033018, 14.047234 ] } },
{ "type": "Feature", "properties": { "marketLat": 13.035354, "marketLon": 38.04258 }, "geometry": { "type": "Point", "coordinates": [ 38.04258, 13.035354 ] } },
{ "type": "Feature", "properties": { "marketLat": 10.841039, "marketLon": 38.045425 }, "geometry": { "type": "Point", "coordinates": [ 38.045425, 10.841039 ] } },
{ "type": "Feature", "properties": { "marketLat": 8.642164, "marketLon": 38.049358 }, "geometry": { "type": "Point", "coordinates": [ 38.049358, 8.642164 ] } },
{ "type": "Feature", "properties": { "marketLat": 11.611679, "marketLon": 38.065454 }, "geometry": { "type": "Point", "coordinates": [ 38.065454, 11.611679 ] } },
{ "type": "Feature", "properties": { "marketLat": 10.641876, "marketLon": 38.066632 }, "geometry": { "type": "Point", "coordinates": [ 38.066632, 10.641876 ] } },
{ "type": "Feature", "properties": { "marketLat": 7.593598, "marketLon": 38.068002 }, "geometry": { "type": "Point", "coordinates": [ 38.068002, 7.593598 ] } },
{ "type": "Feature", "properties": { "marketLat": 11.71497, "marketLon": 38.070088 }, "geometry": { "type": "Point", "coordinates": [ 38.070088, 11.71497 ] } },
{ "type": "Feature", "properties": { "marketLat": 10.581747, "marketLon": 38.078125 }, "geometry": { "type": "Point", "coordinates": [ 38.078125, 10.581747 ] } },
{ "type": "Feature", "properties": { "marketLat": 11.989737, "marketLon": 38.080034 }, "geometry": { "type": "Point", "coordinates": [ 38.080034, 11.989737 ] } },
{ "type": "Feature", "properties": { "marketLat": 7.507271, "marketLon": 38.092618 }, "geometry": { "type": "Point", "coordinates": [ 38.092618, 7.507271 ] } },
{ "type": "Feature", "properties": { "marketLat": 7.31218, "marketLon": 38.085471 }, "geometry": { "type": "Point", "coordinates": [ 38.085471, 7.31218 ] } },
{ "type": "Feature", "properties": { "marketLat": 14.120391, "marketLon": 38.097556 }, "geometry": { "type": "Point", "coordinates": [ 38.097556, 14.120391 ] } },
{ "type": "Feature", "properties": { "marketLat": 13.112107, "marketLon": 38.09962 }, "geometry": { "type": "Point", "coordinates": [ 38.09962, 13.112107 ] } },
{ "type": "Feature", "properties": { "marketLat": 10.444231, "marketLon": 38.104284 }, "geometry": { "type": "Point", "coordinates": [ 38.104284, 10.444231 ] } },
{ "type": "Feature", "properties": { "marketLat": 4.896372, "marketLon": 38.091965 }, "geometry": { "type": "Point", "coordinates": [ 38.091965, 4.896372 ] } },
{ "type": "Feature", "properties": { "marketLat": 13.006003, "marketLon": 38.10717 }, "geometry": { "type": "Point", "coordinates": [ 38.10717, 13.006003 ] } },
{ "type": "Feature", "properties": { "marketLat": 7.139868, "marketLon": 38.109374 }, "geometry": { "type": "Point", "coordinates": [ 38.109374, 7.139868 ] } },
{ "type": "Feature", "properties": { "marketLat": 11.305354, "marketLon": 38.110861 }, "geometry": { "type": "Point", "coordinates": [ 38.110861, 11.305354 ] } },
{ "type": "Feature", "properties": { "marketLat": 10.842945, "marketLon": 38.111675 }, "geometry": { "type": "Point", "coordinates": [ 38.111675, 10.842945 ] } },
{ "type": "Feature", "properties": { "marketLat": 13.174045, "marketLon": 38.112117 }, "geometry": { "type": "Point", "coordinates": [ 38.112117, 13.174045 ] } },
{ "type": "Feature", "properties": { "marketLat": 9.381883, "marketLon": 38.113212 }, "geometry": { "type": "Point", "coordinates": [ 38.113212, 9.381883 ] } },
{ "type": "Feature", "properties": { "marketLat": 8.01866, "marketLon": 38.117346 }, "geometry": { "type": "Point", "coordinates": [ 38.117346, 8.01866 ] } },
{ "type": "Feature", "properties": { "marketLat": 10.262815, "marketLon": 38.110159 }, "geometry": { "type": "Point", "coordinates": [ 38.110159, 10.262815 ] } },
{ "type": "Feature", "properties": { "marketLat": 12.844083, "marketLon": 38.120631 }, "geometry": { "type": "Point", "coordinates": [ 38.120631, 12.844083 ] } },
{ "type": "Feature", "properties": { "marketLat": 7.743463, "marketLon": 38.120781 }, "geometry": { "type": "Point", "coordinates": [ 38.120781, 7.743463 ] } },
{ "type": "Feature", "properties": { "marketLat": 8.143542, "marketLon": 38.124228 }, "geometry": { "type": "Point", "coordinates": [ 38.124228, 8.143542 ] } },
{ "type": "Feature", "properties": { "marketLat": 6.928358, "marketLon": 38.128592 }, "geometry": { "type": "Point", "coordinates": [ 38.128592, 6.928358 ] } },
{ "type": "Feature", "properties": { "marketLat": 7.913866, "marketLon": 38.129682 }, "geometry": { "type": "Point", "coordinates": [ 38.129682, 7.913866 ] } },
{ "type": "Feature", "properties": { "marketLat": 7.450036, "marketLon": 38.135842 }, "geometry": { "type": "Point", "coordinates": [ 38.135842, 7.450036 ] } },
{ "type": "Feature", "properties": { "marketLat": 10.159672, "marketLon": 38.152956 }, "geometry": { "type": "Point", "coordinates": [ 38.152956, 10.159672 ] } },
{ "type": "Feature", "properties": { "marketLat": 10.333254, "marketLon": 38.14841 }, "geometry": { "type": "Point", "coordinates": [ 38.14841, 10.333254 ] } },
{ "type": "Feature", "properties": { "marketLat": 12.220491, "marketLon": 38.15021 }, "geometry": { "type": "Point", "coordinates": [ 38.15021, 12.220491 ] } },
{ "type": "Feature", "properties": { "marketLat": 10.602958, "marketLon": 38.151822 }, "geometry": { "type": "Point", "coordinates": [ 38.151822, 10.602958 ] } },
{ "type": "Feature", "properties": { "marketLat": 10.571336, "marketLon": 38.154616 }, "geometry": { "type": "Point", "coordinates": [ 38.154616, 10.571336 ] } },
{ "type": "Feature", "properties": { "marketLat": 10.979677, "marketLon": 38.155589 }, "geometry": { "type": "Point", "coordinates": [ 38.155589, 10.979677 ] } },
{ "type": "Feature", "properties": { "marketLat": 9.138474, "marketLon": 38.157628 }, "geometry": { "type": "Point", "coordinates": [ 38.157628, 9.138474 ] } },
{ "type": "Feature", "properties": { "marketLat": 10.537903, "marketLon": 38.157823 }, "geometry": { "type": "Point", "coordinates": [ 38.157823, 10.537903 ] } },
{ "type": "Feature", "properties": { "marketLat": 10.281444, "marketLon": 38.159699 }, "geometry": { "type": "Point", "coordinates": [ 38.159699, 10.281444 ] } },
{ "type": "Feature", "properties": { "marketLat": 10.663318, "marketLon": 38.167457 }, "geometry": { "type": "Point", "coordinates": [ 38.167457, 10.663318 ] } },
{ "type": "Feature", "properties": { "marketLat": 7.567391, "marketLon": 38.173228 }, "geometry": { "type": "Point", "coordinates": [ 38.173228, 7.567391 ] } },
{ "type": "Feature", "properties": { "marketLat": 13.692449, "marketLon": 38.174663 }, "geometry": { "type": "Point", "coordinates": [ 38.174663, 13.692449 ] } },
{ "type": "Feature", "properties": { "marketLat": 11.513008, "marketLon": 38.174219 }, "geometry": { "type": "Point", "coordinates": [ 38.174219, 11.513008 ] } },
{ "type": "Feature", "properties": { "marketLat": 9.329124, "marketLon": 38.174118 }, "geometry": { "type": "Point", "coordinates": [ 38.174118, 9.329124 ] } },
{ "type": "Feature", "properties": { "marketLat": 10.892529, "marketLon": 38.175348 }, "geometry": { "type": "Point", "coordinates": [ 38.175348, 10.892529 ] } },
{ "type": "Feature", "properties": { "marketLat": 14.413652, "marketLon": 38.185859 }, "geometry": { "type": "Point", "coordinates": [ 38.185859, 14.413652 ] } },
{ "type": "Feature", "properties": { "marketLat": 7.857623, "marketLon": 38.184979 }, "geometry": { "type": "Point", "coordinates": [ 38.184979, 7.857623 ] } },
{ "type": "Feature", "properties": { "marketLat": 10.753253, "marketLon": 38.187662 }, "geometry": { "type": "Point", "coordinates": [ 38.187662, 10.753253 ] } },
{ "type": "Feature", "properties": { "marketLat": 10.878072, "marketLon": 38.19626 }, "geometry": { "type": "Point", "coordinates": [ 38.19626, 10.878072 ] } },
{ "type": "Feature", "properties": { "marketLat": 9.20437, "marketLon": 38.203577 }, "geometry": { "type": "Point", "coordinates": [ 38.203577, 9.20437 ] } },
{ "type": "Feature", "properties": { "marketLat": 8.114729, "marketLon": 38.205672 }, "geometry": { "type": "Point", "coordinates": [ 38.205672, 8.114729 ] } },
{ "type": "Feature", "properties": { "marketLat": 8.658541, "marketLon": 38.208254 }, "geometry": { "type": "Point", "coordinates": [ 38.208254, 8.658541 ] } },
{ "type": "Feature", "properties": { "marketLat": 10.245688, "marketLon": 38.209076 }, "geometry": { "type": "Point", "coordinates": [ 38.209076, 10.245688 ] } },
{ "type": "Feature", "properties": { "marketLat": 9.383538, "marketLon": 38.210222 }, "geometry": { "type": "Point", "coordinates": [ 38.210222, 9.383538 ] } },
{ "type": "Feature", "properties": { "marketLat": 11.921396, "marketLon": 38.211322 }, "geometry": { "type": "Point", "coordinates": [ 38.211322, 11.921396 ] } },
{ "type": "Feature", "properties": { "marketLat": 8.009098, "marketLon": 38.213209 }, "geometry": { "type": "Point", "coordinates": [ 38.213209, 8.009098 ] } },
{ "type": "Feature", "properties": { "marketLat": 12.009838, "marketLon": 38.212801 }, "geometry": { "type": "Point", "coordinates": [ 38.212801, 12.009838 ] } },
{ "type": "Feature", "properties": { "marketLat": 11.610976, "marketLon": 38.227718 }, "geometry": { "type": "Point", "coordinates": [ 38.227718, 11.610976 ] } },
{ "type": "Feature", "properties": { "marketLat": 7.47013, "marketLon": 38.23094 }, "geometry": { "type": "Point", "coordinates": [ 38.23094, 7.47013 ] } },
{ "type": "Feature", "properties": { "marketLat": 5.630034, "marketLon": 38.234775 }, "geometry": { "type": "Point", "coordinates": [ 38.234775, 5.630034 ] } },
{ "type": "Feature", "properties": { "marketLat": 7.78697, "marketLon": 38.244153 }, "geometry": { "type": "Point", "coordinates": [ 38.244153, 7.78697 ] } },
{ "type": "Feature", "properties": { "marketLat": 5.917613, "marketLon": 38.251436 }, "geometry": { "type": "Point", "coordinates": [ 38.251436, 5.917613 ] } },
{ "type": "Feature", "properties": { "marketLat": 11.635424, "marketLon": 38.253324 }, "geometry": { "type": "Point", "coordinates": [ 38.253324, 11.635424 ] } },
{ "type": "Feature", "properties": { "marketLat": 13.200887, "marketLon": 38.266804 }, "geometry": { "type": "Point", "coordinates": [ 38.266804, 13.200887 ] } },
{ "type": "Feature", "properties": { "marketLat": 5.393209, "marketLon": 38.270406 }, "geometry": { "type": "Point", "coordinates": [ 38.270406, 5.393209 ] } },
{ "type": "Feature", "properties": { "marketLat": 5.778144, "marketLon": 38.27139 }, "geometry": { "type": "Point", "coordinates": [ 38.27139, 5.778144 ] } },
{ "type": "Feature", "properties": { "marketLat": 12.305276, "marketLon": 38.273468 }, "geometry": { "type": "Point", "coordinates": [ 38.273468, 12.305276 ] } },
{ "type": "Feature", "properties": { "marketLat": 9.766782, "marketLon": 38.276514 }, "geometry": { "type": "Point", "coordinates": [ 38.276514, 9.766782 ] } },
{ "type": "Feature", "properties": { "marketLat": 11.465648, "marketLon": 38.284995 }, "geometry": { "type": "Point", "coordinates": [ 38.284995, 11.465648 ] } },
{ "type": "Feature", "properties": { "marketLat": 8.393642, "marketLon": 38.28543 }, "geometry": { "type": "Point", "coordinates": [ 38.28543, 8.393642 ] } },
{ "type": "Feature", "properties": { "marketLat": 11.687422, "marketLon": 38.285432 }, "geometry": { "type": "Point", "coordinates": [ 38.285432, 11.687422 ] } },
{ "type": "Feature", "properties": { "marketLat": 7.079894, "marketLon": 38.29739 }, "geometry": { "type": "Point", "coordinates": [ 38.29739, 7.079894 ] } },
{ "type": "Feature", "properties": { "marketLat": 13.461784, "marketLon": 38.297452 }, "geometry": { "type": "Point", "coordinates": [ 38.297452, 13.461784 ] } },
{ "type": "Feature", "properties": { "marketLat": 11.026096, "marketLon": 38.300959 }, "geometry": { "type": "Point", "coordinates": [ 38.300959, 11.026096 ] } },
{ "type": "Feature", "properties": { "marketLat": 10.605044, "marketLon": 38.318594 }, "geometry": { "type": "Point", "coordinates": [ 38.318594, 10.605044 ] } },
{ "type": "Feature", "properties": { "marketLat": 9.156671, "marketLon": 38.321527 }, "geometry": { "type": "Point", "coordinates": [ 38.321527, 9.156671 ] } },
{ "type": "Feature", "properties": { "marketLat": 11.543881, "marketLon": 38.323555 }, "geometry": { "type": "Point", "coordinates": [ 38.323555, 11.543881 ] } },
{ "type": "Feature", "properties": { "marketLat": 10.32159, "marketLon": 38.326787 }, "geometry": { "type": "Point", "coordinates": [ 38.326787, 10.32159 ] } },
{ "type": "Feature", "properties": { "marketLat": 5.663368, "marketLon": 38.339622 }, "geometry": { "type": "Point", "coordinates": [ 38.339622, 5.663368 ] } },
{ "type": "Feature", "properties": { "marketLat": 8.019329, "marketLon": 38.329972 }, "geometry": { "type": "Point", "coordinates": [ 38.329972, 8.019329 ] } },
{ "type": "Feature", "properties": { "marketLat": 9.908049, "marketLon": 38.347248 }, "geometry": { "type": "Point", "coordinates": [ 38.347248, 9.908049 ] } },
{ "type": "Feature", "properties": { "marketLat": 8.323392, "marketLon": 38.355052 }, "geometry": { "type": "Point", "coordinates": [ 38.355052, 8.323392 ] } },
{ "type": "Feature", "properties": { "marketLat": 7.681262, "marketLon": 38.360876 }, "geometry": { "type": "Point", "coordinates": [ 38.360876, 7.681262 ] } },
{ "type": "Feature", "properties": { "marketLat": 13.09623, "marketLon": 38.364092 }, "geometry": { "type": "Point", "coordinates": [ 38.364092, 13.09623 ] } },
{ "type": "Feature", "properties": { "marketLat": 8.615987, "marketLon": 38.363405 }, "geometry": { "type": "Point", "coordinates": [ 38.363405, 8.615987 ] } },
{ "type": "Feature", "properties": { "marketLat": 11.308285, "marketLon": 38.364037 }, "geometry": { "type": "Point", "coordinates": [ 38.364037, 11.308285 ] } },
{ "type": "Feature", "properties": { "marketLat": 10.254386, "marketLon": 38.366776 }, "geometry": { "type": "Point", "coordinates": [ 38.366776, 10.254386 ] } },
{ "type": "Feature", "properties": { "marketLat": 6.928812, "marketLon": 38.368864 }, "geometry": { "type": "Point", "coordinates": [ 38.368864, 6.928812 ] } },
{ "type": "Feature", "properties": { "marketLat": 10.877811, "marketLon": 38.372281 }, "geometry": { "type": "Point", "coordinates": [ 38.372281, 10.877811 ] } },
{ "type": "Feature", "properties": { "marketLat": 8.830467, "marketLon": 38.372773 }, "geometry": { "type": "Point", "coordinates": [ 38.372773, 8.830467 ] } },
{ "type": "Feature", "properties": { "marketLat": 6.743605, "marketLon": 38.373465 }, "geometry": { "type": "Point", "coordinates": [ 38.373465, 6.743605 ] } },
{ "type": "Feature", "properties": { "marketLat": 9.268274, "marketLon": 38.381488 }, "geometry": { "type": "Point", "coordinates": [ 38.381488, 9.268274 ] } },
{ "type": "Feature", "properties": { "marketLat": 13.394306, "marketLon": 38.383055 }, "geometry": { "type": "Point", "coordinates": [ 38.383055, 13.394306 ] } },
{ "type": "Feature", "properties": { "marketLat": 9.103345, "marketLon": 38.38838 }, "geometry": { "type": "Point", "coordinates": [ 38.38838, 9.103345 ] } },
{ "type": "Feature", "properties": { "marketLat": 7.046161, "marketLon": 38.392942 }, "geometry": { "type": "Point", "coordinates": [ 38.392942, 7.046161 ] } },
{ "type": "Feature", "properties": { "marketLat": 11.245403, "marketLon": 38.399373 }, "geometry": { "type": "Point", "coordinates": [ 38.399373, 11.245403 ] } },
{ "type": "Feature", "properties": { "marketLat": 11.900837, "marketLon": 38.403483 }, "geometry": { "type": "Point", "coordinates": [ 38.403483, 11.900837 ] } },
{ "type": "Feature", "properties": { "marketLat": 5.779652, "marketLon": 38.404043 }, "geometry": { "type": "Point", "coordinates": [ 38.404043, 5.779652 ] } },
{ "type": "Feature", "properties": { "marketLat": 6.750961, "marketLon": 38.407499 }, "geometry": { "type": "Point", "coordinates": [ 38.407499, 6.750961 ] } },
{ "type": "Feature", "properties": { "marketLat": 8.466613, "marketLon": 38.420632 }, "geometry": { "type": "Point", "coordinates": [ 38.420632, 8.466613 ] } },
{ "type": "Feature", "properties": { "marketLat": 7.347232, "marketLon": 38.425898 }, "geometry": { "type": "Point", "coordinates": [ 38.425898, 7.347232 ] } },
{ "type": "Feature", "properties": { "marketLat": 11.410905, "marketLon": 38.430766 }, "geometry": { "type": "Point", "coordinates": [ 38.430766, 11.410905 ] } },
{ "type": "Feature", "properties": { "marketLat": 11.603456, "marketLon": 38.435706 }, "geometry": { "type": "Point", "coordinates": [ 38.435706, 11.603456 ] } },
{ "type": "Feature", "properties": { "marketLat": 13.116348, "marketLon": 38.438218 }, "geometry": { "type": "Point", "coordinates": [ 38.438218, 13.116348 ] } },
{ "type": "Feature", "properties": { "marketLat": 6.874687, "marketLon": 38.44205 }, "geometry": { "type": "Point", "coordinates": [ 38.44205, 6.874687 ] } },
{ "type": "Feature", "properties": { "marketLat": 9.520442, "marketLon": 38.449125 }, "geometry": { "type": "Point", "coordinates": [ 38.449125, 9.520442 ] } },
{ "type": "Feature", "properties": { "marketLat": 11.608165, "marketLon": 38.469698 }, "geometry": { "type": "Point", "coordinates": [ 38.469698, 11.608165 ] } },
{ "type": "Feature", "properties": { "marketLat": 7.711218, "marketLon": 38.474352 }, "geometry": { "type": "Point", "coordinates": [ 38.474352, 7.711218 ] } },
{ "type": "Feature", "properties": { "marketLat": 7.020959, "marketLon": 38.493805 }, "geometry": { "type": "Point", "coordinates": [ 38.493805, 7.020959 ] } },
{ "type": "Feature", "properties": { "marketLat": 8.258659, "marketLon": 38.495342 }, "geometry": { "type": "Point", "coordinates": [ 38.495342, 8.258659 ] } },
{ "type": "Feature", "properties": { "marketLat": 10.138528, "marketLon": 38.496516 }, "geometry": { "type": "Point", "coordinates": [ 38.496516, 10.138528 ] } },
{ "type": "Feature", "properties": { "marketLat": 9.399831, "marketLon": 38.497932 }, "geometry": { "type": "Point", "coordinates": [ 38.497932, 9.399831 ] } },
{ "type": "Feature", "properties": { "marketLat": 8.847653, "marketLon": 38.498786 }, "geometry": { "type": "Point", "coordinates": [ 38.498786, 8.847653 ] } },
{ "type": "Feature", "properties": { "marketLat": 8.631969, "marketLon": 38.499095 }, "geometry": { "type": "Point", "coordinates": [ 38.499095, 8.631969 ] } },
{ "type": "Feature", "properties": { "marketLat": 13.236624, "marketLon": 38.512478 }, "geometry": { "type": "Point", "coordinates": [ 38.512478, 13.236624 ] } },
{ "type": "Feature", "properties": { "marketLat": 11.926197, "marketLon": 38.517259 }, "geometry": { "type": "Point", "coordinates": [ 38.517259, 11.926197 ] } },
{ "type": "Feature", "properties": { "marketLat": 9.778862, "marketLon": 38.525049 }, "geometry": { "type": "Point", "coordinates": [ 38.525049, 9.778862 ] } },
{ "type": "Feature", "properties": { "marketLat": 8.522102, "marketLon": 38.528959 }, "geometry": { "type": "Point", "coordinates": [ 38.528959, 8.522102 ] } },
{ "type": "Feature", "properties": { "marketLat": 6.557469, "marketLon": 38.539135 }, "geometry": { "type": "Point", "coordinates": [ 38.539135, 6.557469 ] } },
{ "type": "Feature", "properties": { "marketLat": 11.605784, "marketLon": 38.538636 }, "geometry": { "type": "Point", "coordinates": [ 38.538636, 11.605784 ] } },
{ "type": "Feature", "properties": { "marketLat": 14.175914, "marketLon": 38.544978 }, "geometry": { "type": "Point", "coordinates": [ 38.544978, 14.175914 ] } },
{ "type": "Feature", "properties": { "marketLat": 10.170547, "marketLon": 38.549496 }, "geometry": { "type": "Point", "coordinates": [ 38.549496, 10.170547 ] } },
{ "type": "Feature", "properties": { "marketLat": 9.294906, "marketLon": 38.566908 }, "geometry": { "type": "Point", "coordinates": [ 38.566908, 9.294906 ] } },
{ "type": "Feature", "properties": { "marketLat": 11.67964, "marketLon": 38.564738 }, "geometry": { "type": "Point", "coordinates": [ 38.564738, 11.67964 ] } },
{ "type": "Feature", "properties": { "marketLat": 11.089294, "marketLon": 38.579451 }, "geometry": { "type": "Point", "coordinates": [ 38.579451, 11.089294 ] } },
{ "type": "Feature", "properties": { "marketLat": 11.817312, "marketLon": 38.588193 }, "geometry": { "type": "Point", "coordinates": [ 38.588193, 11.817312 ] } },
{ "type": "Feature", "properties": { "marketLat": 10.297709, "marketLon": 38.591624 }, "geometry": { "type": "Point", "coordinates": [ 38.591624, 10.297709 ] } },
{ "type": "Feature", "properties": { "marketLat": 12.38779, "marketLon": 38.591286 }, "geometry": { "type": "Point", "coordinates": [ 38.591286, 12.38779 ] } },
{ "type": "Feature", "properties": { "marketLat": 10.195172, "marketLon": 38.593873 }, "geometry": { "type": "Point", "coordinates": [ 38.593873, 10.195172 ] } },
{ "type": "Feature", "properties": { "marketLat": 14.27782, "marketLon": 38.596117 }, "geometry": { "type": "Point", "coordinates": [ 38.596117, 14.27782 ] } },
{ "type": "Feature", "properties": { "marketLat": 14.121457, "marketLon": 38.597126 }, "geometry": { "type": "Point", "coordinates": [ 38.597126, 14.121457 ] } },
{ "type": "Feature", "properties": { "marketLat": 6.094404, "marketLon": 38.594573 }, "geometry": { "type": "Point", "coordinates": [ 38.594573, 6.094404 ] } },
{ "type": "Feature", "properties": { "marketLat": 9.204278, "marketLon": 38.596834 }, "geometry": { "type": "Point", "coordinates": [ 38.596834, 9.204278 ] } },
{ "type": "Feature", "properties": { "marketLat": 10.569353, "marketLon": 38.597327 }, "geometry": { "type": "Point", "coordinates": [ 38.597327, 10.569353 ] } },
{ "type": "Feature", "properties": { "marketLat": 6.731506, "marketLon": 38.5992 }, "geometry": { "type": "Point", "coordinates": [ 38.5992, 6.731506 ] } },
{ "type": "Feature", "properties": { "marketLat": 7.217226, "marketLon": 38.599538 }, "geometry": { "type": "Point", "coordinates": [ 38.599538, 7.217226 ] } },
{ "type": "Feature", "properties": { "marketLat": 10.463889, "marketLon": 38.599279 }, "geometry": { "type": "Point", "coordinates": [ 38.599279, 10.463889 ] } },
{ "type": "Feature", "properties": { "marketLat": 8.600447, "marketLon": 38.606225 }, "geometry": { "type": "Point", "coordinates": [ 38.606225, 8.600447 ] } },
{ "type": "Feature", "properties": { "marketLat": 8.710133, "marketLon": 38.611453 }, "geometry": { "type": "Point", "coordinates": [ 38.611453, 8.710133 ] } },
{ "type": "Feature", "properties": { "marketLat": 10.659172, "marketLon": 38.611577 }, "geometry": { "type": "Point", "coordinates": [ 38.611577, 10.659172 ] } },
{ "type": "Feature", "properties": { "marketLat": 7.048386, "marketLon": 38.613536 }, "geometry": { "type": "Point", "coordinates": [ 38.613536, 7.048386 ] } },
{ "type": "Feature", "properties": { "marketLat": 5.485956, "marketLon": 38.613936 }, "geometry": { "type": "Point", "coordinates": [ 38.613936, 5.485956 ] } },
{ "type": "Feature", "properties": { "marketLat": 5.492072, "marketLon": 38.609818 }, "geometry": { "type": "Point", "coordinates": [ 38.609818, 5.492072 ] } },
{ "type": "Feature", "properties": { "marketLat": 12.482003, "marketLon": 38.62099 }, "geometry": { "type": "Point", "coordinates": [ 38.62099, 12.482003 ] } },
{ "type": "Feature", "properties": { "marketLat": 6.35372, "marketLon": 38.626741 }, "geometry": { "type": "Point", "coordinates": [ 38.626741, 6.35372 ] } },
{ "type": "Feature", "properties": { "marketLat": 9.916629, "marketLon": 38.62773 }, "geometry": { "type": "Point", "coordinates": [ 38.62773, 9.916629 ] } },
{ "type": "Feature", "properties": { "marketLat": 8.529474, "marketLon": 38.630144 }, "geometry": { "type": "Point", "coordinates": [ 38.630144, 8.529474 ] } },
{ "type": "Feature", "properties": { "marketLat": 5.099518, "marketLon": 38.634103 }, "geometry": { "type": "Point", "coordinates": [ 38.634103, 5.099518 ] } },
{ "type": "Feature", "properties": { "marketLat": 12.357038, "marketLon": 38.635147 }, "geometry": { "type": "Point", "coordinates": [ 38.635147, 12.357038 ] } },
{ "type": "Feature", "properties": { "marketLat": 10.801995, "marketLon": 38.64073 }, "geometry": { "type": "Point", "coordinates": [ 38.64073, 10.801995 ] } },
{ "type": "Feature", "properties": { "marketLat": 11.462857, "marketLon": 38.641715 }, "geometry": { "type": "Point", "coordinates": [ 38.641715, 11.462857 ] } },
{ "type": "Feature", "properties": { "marketLat": 10.711339, "marketLon": 38.641838 }, "geometry": { "type": "Point", "coordinates": [ 38.641838, 10.711339 ] } },
{ "type": "Feature", "properties": { "marketLat": 11.133792, "marketLon": 38.64187 }, "geometry": { "type": "Point", "coordinates": [ 38.64187, 11.133792 ] } },
{ "type": "Feature", "properties": { "marketLat": 6.683154, "marketLon": 38.644031 }, "geometry": { "type": "Point", "coordinates": [ 38.644031, 6.683154 ] } },
{ "type": "Feature", "properties": { "marketLat": 13.886654, "marketLon": 38.644625 }, "geometry": { "type": "Point", "coordinates": [ 38.644625, 13.886654 ] } },
{ "type": "Feature", "properties": { "marketLat": 6.812757, "marketLon": 38.647645 }, "geometry": { "type": "Point", "coordinates": [ 38.647645, 6.812757 ] } },
{ "type": "Feature", "properties": { "marketLat": 8.82104, "marketLon": 38.647542 }, "geometry": { "type": "Point", "coordinates": [ 38.647542, 8.82104 ] } },
{ "type": "Feature", "properties": { "marketLat": 6.648089, "marketLon": 38.648492 }, "geometry": { "type": "Point", "coordinates": [ 38.648492, 6.648089 ] } },
{ "type": "Feature", "properties": { "marketLat": 13.975546, "marketLon": 38.650117 }, "geometry": { "type": "Point", "coordinates": [ 38.650117, 13.975546 ] } },
{ "type": "Feature", "properties": { "marketLat": 10.876833, "marketLon": 38.65047 }, "geometry": { "type": "Point", "coordinates": [ 38.65047, 10.876833 ] } },
{ "type": "Feature", "properties": { "marketLat": 7.719519, "marketLon": 38.652756 }, "geometry": { "type": "Point", "coordinates": [ 38.652756, 7.719519 ] } },
{ "type": "Feature", "properties": { "marketLat": 9.429588, "marketLon": 38.654523 }, "geometry": { "type": "Point", "coordinates": [ 38.654523, 9.429588 ] } },
{ "type": "Feature", "properties": { "marketLat": 10.455968, "marketLon": 38.657253 }, "geometry": { "type": "Point", "coordinates": [ 38.657253, 10.455968 ] } },
{ "type": "Feature", "properties": { "marketLat": 10.549181, "marketLon": 38.65779 }, "geometry": { "type": "Point", "coordinates": [ 38.65779, 10.549181 ] } },
{ "type": "Feature", "properties": { "marketLat": 12.215334, "marketLon": 38.654468 }, "geometry": { "type": "Point", "coordinates": [ 38.654468, 12.215334 ] } },
{ "type": "Feature", "properties": { "marketLat": 7.362127, "marketLon": 38.665023 }, "geometry": { "type": "Point", "coordinates": [ 38.665023, 7.362127 ] } },
{ "type": "Feature", "properties": { "marketLat": 10.708475, "marketLon": 38.66905 }, "geometry": { "type": "Point", "coordinates": [ 38.66905, 10.708475 ] } },
{ "type": "Feature", "properties": { "marketLat": 7.358036, "marketLon": 38.673895 }, "geometry": { "type": "Point", "coordinates": [ 38.673895, 7.358036 ] } },
{ "type": "Feature", "properties": { "marketLat": 10.721945, "marketLon": 38.6717 }, "geometry": { "type": "Point", "coordinates": [ 38.6717, 10.721945 ] } },
{ "type": "Feature", "properties": { "marketLat": 10.922845, "marketLon": 38.674496 }, "geometry": { "type": "Point", "coordinates": [ 38.674496, 10.922845 ] } },
{ "type": "Feature", "properties": { "marketLat": 10.815246, "marketLon": 38.678552 }, "geometry": { "type": "Point", "coordinates": [ 38.678552, 10.815246 ] } },
{ "type": "Feature", "properties": { "marketLat": 6.91805, "marketLon": 38.683254 }, "geometry": { "type": "Point", "coordinates": [ 38.683254, 6.91805 ] } },
{ "type": "Feature", "properties": { "marketLat": 10.972111, "marketLon": 38.687596 }, "geometry": { "type": "Point", "coordinates": [ 38.687596, 10.972111 ] } },
{ "type": "Feature", "properties": { "marketLat": 6.852301, "marketLon": 38.688343 }, "geometry": { "type": "Point", "coordinates": [ 38.688343, 6.852301 ] } },
{ "type": "Feature", "properties": { "marketLat": 9.334674, "marketLon": 38.694115 }, "geometry": { "type": "Point", "coordinates": [ 38.694115, 9.334674 ] } },
{ "type": "Feature", "properties": { "marketLat": 8.784572, "marketLon": 38.698005 }, "geometry": { "type": "Point", "coordinates": [ 38.698005, 8.784572 ] } },
{ "type": "Feature", "properties": { "marketLat": 10.836646, "marketLon": 38.700611 }, "geometry": { "type": "Point", "coordinates": [ 38.700611, 10.836646 ] } },
{ "type": "Feature", "properties": { "marketLat": 10.482727, "marketLon": 38.709494 }, "geometry": { "type": "Point", "coordinates": [ 38.709494, 10.482727 ] } },
{ "type": "Feature", "properties": { "marketLat": 11.701858, "marketLon": 38.708962 }, "geometry": { "type": "Point", "coordinates": [ 38.708962, 11.701858 ] } },
{ "type": "Feature", "properties": { "marketLat": 14.118078, "marketLon": 38.709322 }, "geometry": { "type": "Point", "coordinates": [ 38.709322, 14.118078 ] } },
{ "type": "Feature", "properties": { "marketLat": 7.935258, "marketLon": 38.713973 }, "geometry": { "type": "Point", "coordinates": [ 38.713973, 7.935258 ] } },
{ "type": "Feature", "properties": { "marketLat": 11.921395, "marketLon": 38.715009 }, "geometry": { "type": "Point", "coordinates": [ 38.715009, 11.921395 ] } },
{ "type": "Feature", "properties": { "marketLat": 4.220701, "marketLon": 38.723387 }, "geometry": { "type": "Point", "coordinates": [ 38.723387, 4.220701 ] } },
{ "type": "Feature", "properties": { "marketLat": 9.773913, "marketLon": 38.738867 }, "geometry": { "type": "Point", "coordinates": [ 38.738867, 9.773913 ] } },
{ "type": "Feature", "properties": { "marketLat": 11.768118, "marketLon": 38.738576 }, "geometry": { "type": "Point", "coordinates": [ 38.738576, 11.768118 ] } },
{ "type": "Feature", "properties": { "marketLat": 9.595722, "marketLon": 38.747137 }, "geometry": { "type": "Point", "coordinates": [ 38.747137, 9.595722 ] } },
{ "type": "Feature", "properties": { "marketLat": 8.625709, "marketLon": 38.747368 }, "geometry": { "type": "Point", "coordinates": [ 38.747368, 8.625709 ] } },
{ "type": "Feature", "properties": { "marketLat": 10.980834, "marketLon": 38.752579 }, "geometry": { "type": "Point", "coordinates": [ 38.752579, 10.980834 ] } },
{ "type": "Feature", "properties": { "marketLat": 12.589397, "marketLon": 38.755176 }, "geometry": { "type": "Point", "coordinates": [ 38.755176, 12.589397 ] } },
{ "type": "Feature", "properties": { "marketLat": 12.188567, "marketLon": 38.755762 }, "geometry": { "type": "Point", "coordinates": [ 38.755762, 12.188567 ] } },
{ "type": "Feature", "properties": { "marketLat": 9.186049, "marketLon": 38.76322 }, "geometry": { "type": "Point", "coordinates": [ 38.76322, 9.186049 ] } },
{ "type": "Feature", "properties": { "marketLat": 13.942147, "marketLon": 38.766054 }, "geometry": { "type": "Point", "coordinates": [ 38.766054, 13.942147 ] } },
{ "type": "Feature", "properties": { "marketLat": 11.030675, "marketLon": 38.776056 }, "geometry": { "type": "Point", "coordinates": [ 38.776056, 11.030675 ] } },
{ "type": "Feature", "properties": { "marketLat": 12.22609, "marketLon": 38.777401 }, "geometry": { "type": "Point", "coordinates": [ 38.777401, 12.22609 ] } },
{ "type": "Feature", "properties": { "marketLat": 6.081522, "marketLon": 38.780292 }, "geometry": { "type": "Point", "coordinates": [ 38.780292, 6.081522 ] } },
{ "type": "Feature", "properties": { "marketLat": 8.368423, "marketLon": 38.779705 }, "geometry": { "type": "Point", "coordinates": [ 38.779705, 8.368423 ] } },
{ "type": "Feature", "properties": { "marketLat": 8.653801, "marketLon": 38.780091 }, "geometry": { "type": "Point", "coordinates": [ 38.780091, 8.653801 ] } },
{ "type": "Feature", "properties": { "marketLat": 14.026518, "marketLon": 38.777505 }, "geometry": { "type": "Point", "coordinates": [ 38.777505, 14.026518 ] } },
{ "type": "Feature", "properties": { "marketLat": 13.863914, "marketLon": 38.784604 }, "geometry": { "type": "Point", "coordinates": [ 38.784604, 13.863914 ] } },
{ "type": "Feature", "properties": { "marketLat": 14.415961, "marketLon": 38.786565 }, "geometry": { "type": "Point", "coordinates": [ 38.786565, 14.415961 ] } },
{ "type": "Feature", "properties": { "marketLat": 13.843642, "marketLon": 38.789475 }, "geometry": { "type": "Point", "coordinates": [ 38.789475, 13.843642 ] } },
{ "type": "Feature", "properties": { "marketLat": 5.327133, "marketLon": 38.789207 }, "geometry": { "type": "Point", "coordinates": [ 38.789207, 5.327133 ] } },
{ "type": "Feature", "properties": { "marketLat": 7.071821, "marketLon": 38.790141 }, "geometry": { "type": "Point", "coordinates": [ 38.790141, 7.071821 ] } },
{ "type": "Feature", "properties": { "marketLat": 13.383086, "marketLon": 38.797688 }, "geometry": { "type": "Point", "coordinates": [ 38.797688, 13.383086 ] } },
{ "type": "Feature", "properties": { "marketLat": 12.778956, "marketLon": 38.799574 }, "geometry": { "type": "Point", "coordinates": [ 38.799574, 12.778956 ] } },
{ "type": "Feature", "properties": { "marketLat": 11.681296, "marketLon": 38.801296 }, "geometry": { "type": "Point", "coordinates": [ 38.801296, 11.681296 ] } },
{ "type": "Feature", "properties": { "marketLat": 10.96911, "marketLon": 38.801515 }, "geometry": { "type": "Point", "coordinates": [ 38.801515, 10.96911 ] } },
{ "type": "Feature", "properties": { "marketLat": 5.401856, "marketLon": 38.805959 }, "geometry": { "type": "Point", "coordinates": [ 38.805959, 5.401856 ] } },
{ "type": "Feature", "properties": { "marketLat": 5.536651, "marketLon": 38.811243 }, "geometry": { "type": "Point", "coordinates": [ 38.811243, 5.536651 ] } },
{ "type": "Feature", "properties": { "marketLat": 7.422053, "marketLon": 38.812317 }, "geometry": { "type": "Point", "coordinates": [ 38.812317, 7.422053 ] } },
{ "type": "Feature", "properties": { "marketLat": 8.147351, "marketLon": 38.812784 }, "geometry": { "type": "Point", "coordinates": [ 38.812784, 8.147351 ] } },
{ "type": "Feature", "properties": { "marketLat": 12.094199, "marketLon": 38.810947 }, "geometry": { "type": "Point", "coordinates": [ 38.810947, 12.094199 ] } },
{ "type": "Feature", "properties": { "marketLat": 13.693937, "marketLon": 38.81206 }, "geometry": { "type": "Point", "coordinates": [ 38.81206, 13.693937 ] } },
{ "type": "Feature", "properties": { "marketLat": 5.889531, "marketLon": 38.814138 }, "geometry": { "type": "Point", "coordinates": [ 38.814138, 5.889531 ] } },
{ "type": "Feature", "properties": { "marketLat": 11.287499, "marketLon": 38.815 }, "geometry": { "type": "Point", "coordinates": [ 38.815, 11.287499 ] } },
{ "type": "Feature", "properties": { "marketLat": 13.618594, "marketLon": 38.818108 }, "geometry": { "type": "Point", "coordinates": [ 38.818108, 13.618594 ] } },
{ "type": "Feature", "properties": { "marketLat": 11.671139, "marketLon": 38.821001 }, "geometry": { "type": "Point", "coordinates": [ 38.821001, 11.671139 ] } },
{ "type": "Feature", "properties": { "marketLat": 10.636132, "marketLon": 38.822984 }, "geometry": { "type": "Point", "coordinates": [ 38.822984, 10.636132 ] } },
{ "type": "Feature", "properties": { "marketLat": 8.154293, "marketLon": 38.825776 }, "geometry": { "type": "Point", "coordinates": [ 38.825776, 8.154293 ] } },
{ "type": "Feature", "properties": { "marketLat": 10.787744, "marketLon": 38.828271 }, "geometry": { "type": "Point", "coordinates": [ 38.828271, 10.787744 ] } },
{ "type": "Feature", "properties": { "marketLat": 11.633327, "marketLon": 38.837294 }, "geometry": { "type": "Point", "coordinates": [ 38.837294, 11.633327 ] } },
{ "type": "Feature", "properties": { "marketLat": 12.444389, "marketLon": 38.838248 }, "geometry": { "type": "Point", "coordinates": [ 38.838248, 12.444389 ] } },
{ "type": "Feature", "properties": { "marketLat": 10.67386, "marketLon": 38.83529 }, "geometry": { "type": "Point", "coordinates": [ 38.83529, 10.67386 ] } },
{ "type": "Feature", "properties": { "marketLat": 10.983658, "marketLon": 38.840402 }, "geometry": { "type": "Point", "coordinates": [ 38.840402, 10.983658 ] } },
{ "type": "Feature", "properties": { "marketLat": 11.474323, "marketLon": 38.84113 }, "geometry": { "type": "Point", "coordinates": [ 38.84113, 11.474323 ] } },
{ "type": "Feature", "properties": { "marketLat": 12.370777, "marketLon": 38.848806 }, "geometry": { "type": "Point", "coordinates": [ 38.848806, 12.370777 ] } },
{ "type": "Feature", "properties": { "marketLat": 7.515387, "marketLon": 38.85337 }, "geometry": { "type": "Point", "coordinates": [ 38.85337, 7.515387 ] } },
{ "type": "Feature", "properties": { "marketLat": 8.581339, "marketLon": 38.854164 }, "geometry": { "type": "Point", "coordinates": [ 38.854164, 8.581339 ] } },
{ "type": "Feature", "properties": { "marketLat": 10.758498, "marketLon": 38.854881 }, "geometry": { "type": "Point", "coordinates": [ 38.854881, 10.758498 ] } },
{ "type": "Feature", "properties": { "marketLat": 12.627485, "marketLon": 38.856937 }, "geometry": { "type": "Point", "coordinates": [ 38.856937, 12.627485 ] } },
{ "type": "Feature", "properties": { "marketLat": 11.11554, "marketLon": 38.862593 }, "geometry": { "type": "Point", "coordinates": [ 38.862593, 11.11554 ] } },
{ "type": "Feature", "properties": { "marketLat": 10.83956, "marketLon": 38.868707 }, "geometry": { "type": "Point", "coordinates": [ 38.868707, 10.83956 ] } },
{ "type": "Feature", "properties": { "marketLat": 14.170519, "marketLon": 38.901217 }, "geometry": { "type": "Point", "coordinates": [ 38.901217, 14.170519 ] } },
{ "type": "Feature", "properties": { "marketLat": 13.840403, "marketLon": 38.88882 }, "geometry": { "type": "Point", "coordinates": [ 38.88882, 13.840403 ] } },
{ "type": "Feature", "properties": { "marketLat": 11.620805, "marketLon": 38.890796 }, "geometry": { "type": "Point", "coordinates": [ 38.890796, 11.620805 ] } },
{ "type": "Feature", "properties": { "marketLat": 10.702587, "marketLon": 38.889666 }, "geometry": { "type": "Point", "coordinates": [ 38.889666, 10.702587 ] } },
{ "type": "Feature", "properties": { "marketLat": 8.690801, "marketLon": 38.894084 }, "geometry": { "type": "Point", "coordinates": [ 38.894084, 8.690801 ] } },
{ "type": "Feature", "properties": { "marketLat": 7.024117, "marketLon": 38.89606 }, "geometry": { "type": "Point", "coordinates": [ 38.89606, 7.024117 ] } },
{ "type": "Feature", "properties": { "marketLat": 12.080817, "marketLon": 38.897206 }, "geometry": { "type": "Point", "coordinates": [ 38.897206, 12.080817 ] } },
{ "type": "Feature", "properties": { "marketLat": 8.537709, "marketLon": 38.901336 }, "geometry": { "type": "Point", "coordinates": [ 38.901336, 8.537709 ] } },
{ "type": "Feature", "properties": { "marketLat": 9.804078, "marketLon": 38.901312 }, "geometry": { "type": "Point", "coordinates": [ 38.901312, 9.804078 ] } },
{ "type": "Feature", "properties": { "marketLat": 14.353243, "marketLon": 38.902904 }, "geometry": { "type": "Point", "coordinates": [ 38.902904, 14.353243 ] } },
{ "type": "Feature", "properties": { "marketLat": 8.79883, "marketLon": 38.902857 }, "geometry": { "type": "Point", "coordinates": [ 38.902857, 8.79883 ] } },
{ "type": "Feature", "properties": { "marketLat": 5.758403, "marketLon": 38.911112 }, "geometry": { "type": "Point", "coordinates": [ 38.911112, 5.758403 ] } },
{ "type": "Feature", "properties": { "marketLat": 13.731147, "marketLon": 38.913214 }, "geometry": { "type": "Point", "coordinates": [ 38.913214, 13.731147 ] } },
{ "type": "Feature", "properties": { "marketLat": 10.77443, "marketLon": 38.912993 }, "geometry": { "type": "Point", "coordinates": [ 38.912993, 10.77443 ] } },
{ "type": "Feature", "properties": { "marketLat": 10.954735, "marketLon": 38.914906 }, "geometry": { "type": "Point", "coordinates": [ 38.914906, 10.954735 ] } },
{ "type": "Feature", "properties": { "marketLat": 5.933226, "marketLon": 38.918827 }, "geometry": { "type": "Point", "coordinates": [ 38.918827, 5.933226 ] } },
{ "type": "Feature", "properties": { "marketLat": 12.480376, "marketLon": 38.922716 }, "geometry": { "type": "Point", "coordinates": [ 38.922716, 12.480376 ] } },
{ "type": "Feature", "properties": { "marketLat": 7.219477, "marketLon": 38.922502 }, "geometry": { "type": "Point", "coordinates": [ 38.922502, 7.219477 ] } },
{ "type": "Feature", "properties": { "marketLat": 11.744979, "marketLon": 38.922742 }, "geometry": { "type": "Point", "coordinates": [ 38.922742, 11.744979 ] } },
{ "type": "Feature", "properties": { "marketLat": 9.18257, "marketLon": 38.925355 }, "geometry": { "type": "Point", "coordinates": [ 38.925355, 9.18257 ] } },
{ "type": "Feature", "properties": { "marketLat": 9.600829, "marketLon": 38.926433 }, "geometry": { "type": "Point", "coordinates": [ 38.926433, 9.600829 ] } },
{ "type": "Feature", "properties": { "marketLat": 11.831455, "marketLon": 38.928699 }, "geometry": { "type": "Point", "coordinates": [ 38.928699, 11.831455 ] } },
{ "type": "Feature", "properties": { "marketLat": 11.033081, "marketLon": 38.92601 }, "geometry": { "type": "Point", "coordinates": [ 38.92601, 11.033081 ] } },
{ "type": "Feature", "properties": { "marketLat": 11.204097, "marketLon": 38.930688 }, "geometry": { "type": "Point", "coordinates": [ 38.930688, 11.204097 ] } },
{ "type": "Feature", "properties": { "marketLat": 8.989568, "marketLon": 38.932416 }, "geometry": { "type": "Point", "coordinates": [ 38.932416, 8.989568 ] } },
{ "type": "Feature", "properties": { "marketLat": 12.688704, "marketLon": 38.934099 }, "geometry": { "type": "Point", "coordinates": [ 38.934099, 12.688704 ] } },
{ "type": "Feature", "properties": { "marketLat": 11.040928, "marketLon": 38.939808 }, "geometry": { "type": "Point", "coordinates": [ 38.939808, 11.040928 ] } },
{ "type": "Feature", "properties": { "marketLat": 13.952775, "marketLon": 38.940895 }, "geometry": { "type": "Point", "coordinates": [ 38.940895, 13.952775 ] } },
{ "type": "Feature", "properties": { "marketLat": 8.615428, "marketLon": 38.941199 }, "geometry": { "type": "Point", "coordinates": [ 38.941199, 8.615428 ] } },
{ "type": "Feature", "properties": { "marketLat": 6.85626, "marketLon": 38.941251 }, "geometry": { "type": "Point", "coordinates": [ 38.941251, 6.85626 ] } },
{ "type": "Feature", "properties": { "marketLat": 8.475995, "marketLon": 38.943083 }, "geometry": { "type": "Point", "coordinates": [ 38.943083, 8.475995 ] } },
{ "type": "Feature", "properties": { "marketLat": 7.686515, "marketLon": 38.946653 }, "geometry": { "type": "Point", "coordinates": [ 38.946653, 7.686515 ] } },
{ "type": "Feature", "properties": { "marketLat": 8.301682, "marketLon": 38.947592 }, "geometry": { "type": "Point", "coordinates": [ 38.947592, 8.301682 ] } },
{ "type": "Feature", "properties": { "marketLat": 14.015013, "marketLon": 38.948711 }, "geometry": { "type": "Point", "coordinates": [ 38.948711, 14.015013 ] } },
{ "type": "Feature", "properties": { "marketLat": 9.09113, "marketLon": 38.952709 }, "geometry": { "type": "Point", "coordinates": [ 38.952709, 9.09113 ] } },
{ "type": "Feature", "properties": { "marketLat": 10.794088, "marketLon": 38.961051 }, "geometry": { "type": "Point", "coordinates": [ 38.961051, 10.794088 ] } },
{ "type": "Feature", "properties": { "marketLat": 12.742253, "marketLon": 38.970648 }, "geometry": { "type": "Point", "coordinates": [ 38.970648, 12.742253 ] } },
{ "type": "Feature", "properties": { "marketLat": 14.34929, "marketLon": 38.968228 }, "geometry": { "type": "Point", "coordinates": [ 38.968228, 14.34929 ] } },
{ "type": "Feature", "properties": { "marketLat": 5.363524, "marketLon": 38.968491 }, "geometry": { "type": "Point", "coordinates": [ 38.968491, 5.363524 ] } },
{ "type": "Feature", "properties": { "marketLat": 7.236585, "marketLon": 38.981775 }, "geometry": { "type": "Point", "coordinates": [ 38.981775, 7.236585 ] } },
{ "type": "Feature", "properties": { "marketLat": 5.877678, "marketLon": 38.986252 }, "geometry": { "type": "Point", "coordinates": [ 38.986252, 5.877678 ] } },
{ "type": "Feature", "properties": { "marketLat": 8.964903, "marketLon": 38.985069 }, "geometry": { "type": "Point", "coordinates": [ 38.985069, 8.964903 ] } },
{ "type": "Feature", "properties": { "marketLat": 7.526771, "marketLon": 38.985342 }, "geometry": { "type": "Point", "coordinates": [ 38.985342, 7.526771 ] } },
{ "type": "Feature", "properties": { "marketLat": 7.530772, "marketLon": 38.985204 }, "geometry": { "type": "Point", "coordinates": [ 38.985204, 7.530772 ] } },
{ "type": "Feature", "properties": { "marketLat": 7.521217, "marketLon": 38.986409 }, "geometry": { "type": "Point", "coordinates": [ 38.986409, 7.521217 ] } },
{ "type": "Feature", "properties": { "marketLat": 13.041354, "marketLon": 38.987264 }, "geometry": { "type": "Point", "coordinates": [ 38.987264, 13.041354 ] } },
{ "type": "Feature", "properties": { "marketLat": 13.637345, "marketLon": 38.98708 }, "geometry": { "type": "Point", "coordinates": [ 38.98708, 13.637345 ] } },
{ "type": "Feature", "properties": { "marketLat": 7.619475, "marketLon": 38.987804 }, "geometry": { "type": "Point", "coordinates": [ 38.987804, 7.619475 ] } },
{ "type": "Feature", "properties": { "marketLat": 7.238582, "marketLon": 38.98925 }, "geometry": { "type": "Point", "coordinates": [ 38.98925, 7.238582 ] } },
{ "type": "Feature", "properties": { "marketLat": 9.288879, "marketLon": 38.979922 }, "geometry": { "type": "Point", "coordinates": [ 38.979922, 9.288879 ] } },
{ "type": "Feature", "properties": { "marketLat": 10.727198, "marketLon": 38.992583 }, "geometry": { "type": "Point", "coordinates": [ 38.992583, 10.727198 ] } },
{ "type": "Feature", "properties": { "marketLat": 13.940506, "marketLon": 38.994707 }, "geometry": { "type": "Point", "coordinates": [ 38.994707, 13.940506 ] } },
{ "type": "Feature", "properties": { "marketLat": 11.940676, "marketLon": 38.994051 }, "geometry": { "type": "Point", "coordinates": [ 38.994051, 11.940676 ] } },
{ "type": "Feature", "properties": { "marketLat": 12.295575, "marketLon": 38.995284 }, "geometry": { "type": "Point", "coordinates": [ 38.995284, 12.295575 ] } },
{ "type": "Feature", "properties": { "marketLat": 10.856651, "marketLon": 38.997822 }, "geometry": { "type": "Point", "coordinates": [ 38.997822, 10.856651 ] } },
{ "type": "Feature", "properties": { "marketLat": 11.095067, "marketLon": 38.998388 }, "geometry": { "type": "Point", "coordinates": [ 38.998388, 11.095067 ] } },
{ "type": "Feature", "properties": { "marketLat": 9.355443, "marketLon": 38.998203 }, "geometry": { "type": "Point", "coordinates": [ 38.998203, 9.355443 ] } },
{ "type": "Feature", "properties": { "marketLat": 9.717198, "marketLon": 38.999588 }, "geometry": { "type": "Point", "coordinates": [ 38.999588, 9.717198 ] } },
{ "type": "Feature", "properties": { "marketLat": 13.735609, "marketLon": 39.002714 }, "geometry": { "type": "Point", "coordinates": [ 39.002714, 13.735609 ] } },
{ "type": "Feature", "properties": { "marketLat": 11.247699, "marketLon": 39.006255 }, "geometry": { "type": "Point", "coordinates": [ 39.006255, 11.247699 ] } },
{ "type": "Feature", "properties": { "marketLat": 5.44761, "marketLon": 39.006858 }, "geometry": { "type": "Point", "coordinates": [ 39.006858, 5.44761 ] } },
{ "type": "Feature", "properties": { "marketLat": 14.126966, "marketLon": 39.011762 }, "geometry": { "type": "Point", "coordinates": [ 39.011762, 14.126966 ] } },
{ "type": "Feature", "properties": { "marketLat": 11.506375, "marketLon": 39.015368 }, "geometry": { "type": "Point", "coordinates": [ 39.015368, 11.506375 ] } },
{ "type": "Feature", "properties": { "marketLat": 14.237325, "marketLon": 39.017498 }, "geometry": { "type": "Point", "coordinates": [ 39.017498, 14.237325 ] } },
{ "type": "Feature", "properties": { "marketLat": 14.286413, "marketLon": 39.016559 }, "geometry": { "type": "Point", "coordinates": [ 39.016559, 14.286413 ] } },
{ "type": "Feature", "properties": { "marketLat": 7.848448, "marketLon": 39.016382 }, "geometry": { "type": "Point", "coordinates": [ 39.016382, 7.848448 ] } },
{ "type": "Feature", "properties": { "marketLat": 12.794049, "marketLon": 39.018688 }, "geometry": { "type": "Point", "coordinates": [ 39.018688, 12.794049 ] } },
{ "type": "Feature", "properties": { "marketLat": 9.149086, "marketLon": 39.022035 }, "geometry": { "type": "Point", "coordinates": [ 39.022035, 9.149086 ] } },
{ "type": "Feature", "properties": { "marketLat": 6.869701, "marketLon": 39.02126 }, "geometry": { "type": "Point", "coordinates": [ 39.02126, 6.869701 ] } },
{ "type": "Feature", "properties": { "marketLat": 6.875257, "marketLon": 39.021147 }, "geometry": { "type": "Point", "coordinates": [ 39.021147, 6.875257 ] } },
{ "type": "Feature", "properties": { "marketLat": 6.866271, "marketLon": 39.02148 }, "geometry": { "type": "Point", "coordinates": [ 39.02148, 6.866271 ] } },
{ "type": "Feature", "properties": { "marketLat": 8.853941, "marketLon": 39.022577 }, "geometry": { "type": "Point", "coordinates": [ 39.022577, 8.853941 ] } },
{ "type": "Feature", "properties": { "marketLat": 7.014614, "marketLon": 39.024492 }, "geometry": { "type": "Point", "coordinates": [ 39.024492, 7.014614 ] } },
{ "type": "Feature", "properties": { "marketLat": 9.876965, "marketLon": 39.024483 }, "geometry": { "type": "Point", "coordinates": [ 39.024483, 9.876965 ] } },
{ "type": "Feature", "properties": { "marketLat": 11.618275, "marketLon": 39.026784 }, "geometry": { "type": "Point", "coordinates": [ 39.026784, 11.618275 ] } },
{ "type": "Feature", "properties": { "marketLat": 8.44137, "marketLon": 39.030083 }, "geometry": { "type": "Point", "coordinates": [ 39.030083, 8.44137 ] } },
{ "type": "Feature", "properties": { "marketLat": 11.779133, "marketLon": 39.034578 }, "geometry": { "type": "Point", "coordinates": [ 39.034578, 11.779133 ] } },
{ "type": "Feature", "properties": { "marketLat": 11.505807, "marketLon": 39.034605 }, "geometry": { "type": "Point", "coordinates": [ 39.034605, 11.505807 ] } },
{ "type": "Feature", "properties": { "marketLat": 11.124246, "marketLon": 39.03629 }, "geometry": { "type": "Point", "coordinates": [ 39.03629, 11.124246 ] } },
{ "type": "Feature", "properties": { "marketLat": 13.53899, "marketLon": 39.03933 }, "geometry": { "type": "Point", "coordinates": [ 39.03933, 13.53899 ] } },
{ "type": "Feature", "properties": { "marketLat": 7.011864, "marketLon": 39.040812 }, "geometry": { "type": "Point", "coordinates": [ 39.040812, 7.011864 ] } },
{ "type": "Feature", "properties": { "marketLat": 14.34649, "marketLon": 39.038888 }, "geometry": { "type": "Point", "coordinates": [ 39.038888, 14.34649 ] } },
{ "type": "Feature", "properties": { "marketLat": 9.160192, "marketLon": 39.066432 }, "geometry": { "type": "Point", "coordinates": [ 39.066432, 9.160192 ] } },
{ "type": "Feature", "properties": { "marketLat": 11.855693, "marketLon": 39.072795 }, "geometry": { "type": "Point", "coordinates": [ 39.072795, 11.855693 ] } },
{ "type": "Feature", "properties": { "marketLat": 5.253439, "marketLon": 39.073661 }, "geometry": { "type": "Point", "coordinates": [ 39.073661, 5.253439 ] } },
{ "type": "Feature", "properties": { "marketLat": 9.787554, "marketLon": 39.074782 }, "geometry": { "type": "Point", "coordinates": [ 39.074782, 9.787554 ] } },
{ "type": "Feature", "properties": { "marketLat": 11.475779, "marketLon": 39.077795 }, "geometry": { "type": "Point", "coordinates": [ 39.077795, 11.475779 ] } },
{ "type": "Feature", "properties": { "marketLat": 8.925295, "marketLon": 39.075119 }, "geometry": { "type": "Point", "coordinates": [ 39.075119, 8.925295 ] } },
{ "type": "Feature", "properties": { "marketLat": 7.451918, "marketLon": 39.076624 }, "geometry": { "type": "Point", "coordinates": [ 39.076624, 7.451918 ] } },
{ "type": "Feature", "properties": { "marketLat": 13.343147, "marketLon": 39.077563 }, "geometry": { "type": "Point", "coordinates": [ 39.077563, 13.343147 ] } },
{ "type": "Feature", "properties": { "marketLat": 11.65903, "marketLon": 39.080381 }, "geometry": { "type": "Point", "coordinates": [ 39.080381, 11.65903 ] } },
{ "type": "Feature", "properties": { "marketLat": 11.529218, "marketLon": 39.083902 }, "geometry": { "type": "Point", "coordinates": [ 39.083902, 11.529218 ] } },
{ "type": "Feature", "properties": { "marketLat": 7.275592, "marketLon": 39.084082 }, "geometry": { "type": "Point", "coordinates": [ 39.084082, 7.275592 ] } },
{ "type": "Feature", "properties": { "marketLat": 14.271222, "marketLon": 39.08434 }, "geometry": { "type": "Point", "coordinates": [ 39.08434, 14.271222 ] } },
{ "type": "Feature", "properties": { "marketLat": 8.793053, "marketLon": 39.084832 }, "geometry": { "type": "Point", "coordinates": [ 39.084832, 8.793053 ] } },
{ "type": "Feature", "properties": { "marketLat": 6.534298, "marketLon": 39.09278 }, "geometry": { "type": "Point", "coordinates": [ 39.09278, 6.534298 ] } },
{ "type": "Feature", "properties": { "marketLat": 9.283624, "marketLon": 39.096859 }, "geometry": { "type": "Point", "coordinates": [ 39.096859, 9.283624 ] } },
{ "type": "Feature", "properties": { "marketLat": 6.583411, "marketLon": 39.102775 }, "geometry": { "type": "Point", "coordinates": [ 39.102775, 6.583411 ] } },
{ "type": "Feature", "properties": { "marketLat": 9.578296, "marketLon": 39.103155 }, "geometry": { "type": "Point", "coordinates": [ 39.103155, 9.578296 ] } },
{ "type": "Feature", "properties": { "marketLat": 6.128497, "marketLon": 39.104583 }, "geometry": { "type": "Point", "coordinates": [ 39.104583, 6.128497 ] } },
{ "type": "Feature", "properties": { "marketLat": 6.594638, "marketLon": 39.104849 }, "geometry": { "type": "Point", "coordinates": [ 39.104849, 6.594638 ] } },
{ "type": "Feature", "properties": { "marketLat": 11.290258, "marketLon": 39.107154 }, "geometry": { "type": "Point", "coordinates": [ 39.107154, 11.290258 ] } },
{ "type": "Feature", "properties": { "marketLat": 14.170206, "marketLon": 39.107658 }, "geometry": { "type": "Point", "coordinates": [ 39.107658, 14.170206 ] } },
{ "type": "Feature", "properties": { "marketLat": 8.576673, "marketLon": 39.114861 }, "geometry": { "type": "Point", "coordinates": [ 39.114861, 8.576673 ] } },
{ "type": "Feature", "properties": { "marketLat": 11.121297, "marketLon": 39.116363 }, "geometry": { "type": "Point", "coordinates": [ 39.116363, 11.121297 ] } },
{ "type": "Feature", "properties": { "marketLat": 11.37027, "marketLon": 39.12254 }, "geometry": { "type": "Point", "coordinates": [ 39.12254, 11.37027 ] } },
{ "type": "Feature", "properties": { "marketLat": 12.261703, "marketLon": 39.124529 }, "geometry": { "type": "Point", "coordinates": [ 39.124529, 12.261703 ] } },
{ "type": "Feature", "properties": { "marketLat": 12.221476, "marketLon": 39.12902 }, "geometry": { "type": "Point", "coordinates": [ 39.12902, 12.221476 ] } },
{ "type": "Feature", "properties": { "marketLat": 7.201299, "marketLon": 39.139074 }, "geometry": { "type": "Point", "coordinates": [ 39.139074, 7.201299 ] } },
{ "type": "Feature", "properties": { "marketLat": 7.506071, "marketLon": 39.140455 }, "geometry": { "type": "Point", "coordinates": [ 39.140455, 7.506071 ] } },
{ "type": "Feature", "properties": { "marketLat": 8.875016, "marketLon": 39.145904 }, "geometry": { "type": "Point", "coordinates": [ 39.145904, 8.875016 ] } },
{ "type": "Feature", "properties": { "marketLat": 10.74919, "marketLon": 39.148013 }, "geometry": { "type": "Point", "coordinates": [ 39.148013, 10.74919 ] } },
{ "type": "Feature", "properties": { "marketLat": 12.458059, "marketLon": 39.152214 }, "geometry": { "type": "Point", "coordinates": [ 39.152214, 12.458059 ] } },
{ "type": "Feature", "properties": { "marketLat": 11.753981, "marketLon": 39.15707 }, "geometry": { "type": "Point", "coordinates": [ 39.15707, 11.753981 ] } },
{ "type": "Feature", "properties": { "marketLat": 11.184418, "marketLon": 39.160913 }, "geometry": { "type": "Point", "coordinates": [ 39.160913, 11.184418 ] } },
{ "type": "Feature", "properties": { "marketLat": 13.82902, "marketLon": 39.168226 }, "geometry": { "type": "Point", "coordinates": [ 39.168226, 13.82902 ] } },
{ "type": "Feature", "properties": { "marketLat": 14.495447, "marketLon": 39.171085 }, "geometry": { "type": "Point", "coordinates": [ 39.171085, 14.495447 ] } },
{ "type": "Feature", "properties": { "marketLat": 10.257822, "marketLon": 39.176197 }, "geometry": { "type": "Point", "coordinates": [ 39.176197, 10.257822 ] } },
{ "type": "Feature", "properties": { "marketLat": 11.338009, "marketLon": 39.179063 }, "geometry": { "type": "Point", "coordinates": [ 39.179063, 11.338009 ] } },
{ "type": "Feature", "properties": { "marketLat": 12.322751, "marketLon": 39.179802 }, "geometry": { "type": "Point", "coordinates": [ 39.179802, 12.322751 ] } },
{ "type": "Feature", "properties": { "marketLat": 5.319507, "marketLon": 39.182959 }, "geometry": { "type": "Point", "coordinates": [ 39.182959, 5.319507 ] } },
{ "type": "Feature", "properties": { "marketLat": 6.740347, "marketLon": 39.184216 }, "geometry": { "type": "Point", "coordinates": [ 39.184216, 6.740347 ] } },
{ "type": "Feature", "properties": { "marketLat": 14.050879, "marketLon": 39.186404 }, "geometry": { "type": "Point", "coordinates": [ 39.186404, 14.050879 ] } },
{ "type": "Feature", "properties": { "marketLat": 8.032244, "marketLon": 39.187438 }, "geometry": { "type": "Point", "coordinates": [ 39.187438, 8.032244 ] } },
{ "type": "Feature", "properties": { "marketLat": 10.764642, "marketLon": 39.196785 }, "geometry": { "type": "Point", "coordinates": [ 39.196785, 10.764642 ] } },
{ "type": "Feature", "properties": { "marketLat": 7.100181, "marketLon": 39.197674 }, "geometry": { "type": "Point", "coordinates": [ 39.197674, 7.100181 ] } },
{ "type": "Feature", "properties": { "marketLat": 9.076563, "marketLon": 39.198619 }, "geometry": { "type": "Point", "coordinates": [ 39.198619, 9.076563 ] } },
{ "type": "Feature", "properties": { "marketLat": 8.709525, "marketLon": 39.199218 }, "geometry": { "type": "Point", "coordinates": [ 39.199218, 8.709525 ] } },
{ "type": "Feature", "properties": { "marketLat": 11.935887, "marketLon": 39.202287 }, "geometry": { "type": "Point", "coordinates": [ 39.202287, 11.935887 ] } },
{ "type": "Feature", "properties": { "marketLat": 7.845004, "marketLon": 39.203126 }, "geometry": { "type": "Point", "coordinates": [ 39.203126, 7.845004 ] } },
{ "type": "Feature", "properties": { "marketLat": 13.698343, "marketLon": 39.204352 }, "geometry": { "type": "Point", "coordinates": [ 39.204352, 13.698343 ] } },
{ "type": "Feature", "properties": { "marketLat": 12.706736, "marketLon": 39.208142 }, "geometry": { "type": "Point", "coordinates": [ 39.208142, 12.706736 ] } },
{ "type": "Feature", "properties": { "marketLat": 13.193274, "marketLon": 39.210973 }, "geometry": { "type": "Point", "coordinates": [ 39.210973, 13.193274 ] } },
{ "type": "Feature", "properties": { "marketLat": 8.987604, "marketLon": 39.213071 }, "geometry": { "type": "Point", "coordinates": [ 39.213071, 8.987604 ] } },
{ "type": "Feature", "properties": { "marketLat": 9.509945, "marketLon": 39.217614 }, "geometry": { "type": "Point", "coordinates": [ 39.217614, 9.509945 ] } },
{ "type": "Feature", "properties": { "marketLat": 8.450603, "marketLon": 39.221037 }, "geometry": { "type": "Point", "coordinates": [ 39.221037, 8.450603 ] } },
{ "type": "Feature", "properties": { "marketLat": 12.639331, "marketLon": 39.223679 }, "geometry": { "type": "Point", "coordinates": [ 39.223679, 12.639331 ] } },
{ "type": "Feature", "properties": { "marketLat": 10.343328, "marketLon": 39.226133 }, "geometry": { "type": "Point", "coordinates": [ 39.226133, 10.343328 ] } },
{ "type": "Feature", "properties": { "marketLat": 11.127596, "marketLon": 39.225614 }, "geometry": { "type": "Point", "coordinates": [ 39.225614, 11.127596 ] } },
{ "type": "Feature", "properties": { "marketLat": 11.036943, "marketLon": 39.228334 }, "geometry": { "type": "Point", "coordinates": [ 39.228334, 11.036943 ] } },
{ "type": "Feature", "properties": { "marketLat": 10.958789, "marketLon": 39.231409 }, "geometry": { "type": "Point", "coordinates": [ 39.231409, 10.958789 ] } },
{ "type": "Feature", "properties": { "marketLat": 12.156716, "marketLon": 39.234468 }, "geometry": { "type": "Point", "coordinates": [ 39.234468, 12.156716 ] } },
{ "type": "Feature", "properties": { "marketLat": 6.50798, "marketLon": 39.233773 }, "geometry": { "type": "Point", "coordinates": [ 39.233773, 6.50798 ] } },
{ "type": "Feature", "properties": { "marketLat": 11.433473, "marketLon": 39.241151 }, "geometry": { "type": "Point", "coordinates": [ 39.241151, 11.433473 ] } },
{ "type": "Feature", "properties": { "marketLat": 12.768593, "marketLon": 39.243432 }, "geometry": { "type": "Point", "coordinates": [ 39.243432, 12.768593 ] } },
{ "type": "Feature", "properties": { "marketLat": 8.049723, "marketLon": 39.24618 }, "geometry": { "type": "Point", "coordinates": [ 39.24618, 8.049723 ] } },
{ "type": "Feature", "properties": { "marketLat": 7.408384, "marketLon": 39.247764 }, "geometry": { "type": "Point", "coordinates": [ 39.247764, 7.408384 ] } },
{ "type": "Feature", "properties": { "marketLat": 7.691646, "marketLon": 39.247472 }, "geometry": { "type": "Point", "coordinates": [ 39.247472, 7.691646 ] } },
{ "type": "Feature", "properties": { "marketLat": 14.207164, "marketLon": 39.248596 }, "geometry": { "type": "Point", "coordinates": [ 39.248596, 14.207164 ] } },
{ "type": "Feature", "properties": { "marketLat": 11.310804, "marketLon": 39.25097 }, "geometry": { "type": "Point", "coordinates": [ 39.25097, 11.310804 ] } },
{ "type": "Feature", "properties": { "marketLat": 5.19582, "marketLon": 39.252962 }, "geometry": { "type": "Point", "coordinates": [ 39.252962, 5.19582 ] } },
{ "type": "Feature", "properties": { "marketLat": 7.764062, "marketLon": 39.253289 }, "geometry": { "type": "Point", "coordinates": [ 39.253289, 7.764062 ] } },
{ "type": "Feature", "properties": { "marketLat": 9.291543, "marketLon": 39.257288 }, "geometry": { "type": "Point", "coordinates": [ 39.257288, 9.291543 ] } },
{ "type": "Feature", "properties": { "marketLat": 13.865395, "marketLon": 39.257574 }, "geometry": { "type": "Point", "coordinates": [ 39.257574, 13.865395 ] } },
{ "type": "Feature", "properties": { "marketLat": 7.815036, "marketLon": 39.262184 }, "geometry": { "type": "Point", "coordinates": [ 39.262184, 7.815036 ] } },
{ "type": "Feature", "properties": { "marketLat": 13.59541, "marketLon": 39.264393 }, "geometry": { "type": "Point", "coordinates": [ 39.264393, 13.59541 ] } },
{ "type": "Feature", "properties": { "marketLat": 11.084523, "marketLon": 39.265163 }, "geometry": { "type": "Point", "coordinates": [ 39.265163, 11.084523 ] } },
{ "type": "Feature", "properties": { "marketLat": 8.55361, "marketLon": 39.267596 }, "geometry": { "type": "Point", "coordinates": [ 39.267596, 8.55361 ] } },
{ "type": "Feature", "properties": { "marketLat": 7.26021, "marketLon": 39.266876 }, "geometry": { "type": "Point", "coordinates": [ 39.266876, 7.26021 ] } },
{ "type": "Feature", "properties": { "marketLat": 7.336517, "marketLon": 39.26973 }, "geometry": { "type": "Point", "coordinates": [ 39.26973, 7.336517 ] } },
{ "type": "Feature", "properties": { "marketLat": 8.528077, "marketLon": 39.271485 }, "geometry": { "type": "Point", "coordinates": [ 39.271485, 8.528077 ] } },
{ "type": "Feature", "properties": { "marketLat": 10.699978, "marketLon": 39.272342 }, "geometry": { "type": "Point", "coordinates": [ 39.272342, 10.699978 ] } },
{ "type": "Feature", "properties": { "marketLat": 12.581084, "marketLon": 39.272352 }, "geometry": { "type": "Point", "coordinates": [ 39.272352, 12.581084 ] } },
{ "type": "Feature", "properties": { "marketLat": 10.849089, "marketLon": 39.273503 }, "geometry": { "type": "Point", "coordinates": [ 39.273503, 10.849089 ] } },
{ "type": "Feature", "properties": { "marketLat": 10.519906, "marketLon": 39.272183 }, "geometry": { "type": "Point", "coordinates": [ 39.272183, 10.519906 ] } },
{ "type": "Feature", "properties": { "marketLat": 14.097826, "marketLon": 39.275585 }, "geometry": { "type": "Point", "coordinates": [ 39.275585, 14.097826 ] } },
{ "type": "Feature", "properties": { "marketLat": 11.694391, "marketLon": 39.283923 }, "geometry": { "type": "Point", "coordinates": [ 39.283923, 11.694391 ] } },
{ "type": "Feature", "properties": { "marketLat": 8.949503, "marketLon": 39.278772 }, "geometry": { "type": "Point", "coordinates": [ 39.278772, 8.949503 ] } },
{ "type": "Feature", "properties": { "marketLat": 8.497217, "marketLon": 39.282452 }, "geometry": { "type": "Point", "coordinates": [ 39.282452, 8.497217 ] } },
{ "type": "Feature", "properties": { "marketLat": 11.029957, "marketLon": 39.283866 }, "geometry": { "type": "Point", "coordinates": [ 39.283866, 11.029957 ] } },
{ "type": "Feature", "properties": { "marketLat": 12.003261, "marketLon": 39.28523 }, "geometry": { "type": "Point", "coordinates": [ 39.28523, 12.003261 ] } },
{ "type": "Feature", "properties": { "marketLat": 12.508558, "marketLon": 39.287764 }, "geometry": { "type": "Point", "coordinates": [ 39.287764, 12.508558 ] } },
{ "type": "Feature", "properties": { "marketLat": 9.323737, "marketLon": 39.288841 }, "geometry": { "type": "Point", "coordinates": [ 39.288841, 9.323737 ] } },
{ "type": "Feature", "properties": { "marketLat": 9.80359, "marketLon": 39.290321 }, "geometry": { "type": "Point", "coordinates": [ 39.290321, 9.80359 ] } },
{ "type": "Feature", "properties": { "marketLat": 9.561158, "marketLon": 39.292815 }, "geometry": { "type": "Point", "coordinates": [ 39.292815, 9.561158 ] } },
{ "type": "Feature", "properties": { "marketLat": 13.562291, "marketLon": 39.295118 }, "geometry": { "type": "Point", "coordinates": [ 39.295118, 13.562291 ] } },
{ "type": "Feature", "properties": { "marketLat": 11.956122, "marketLon": 39.293622 }, "geometry": { "type": "Point", "coordinates": [ 39.293622, 11.956122 ] } },
{ "type": "Feature", "properties": { "marketLat": 13.276486, "marketLon": 39.295822 }, "geometry": { "type": "Point", "coordinates": [ 39.295822, 13.276486 ] } },
{ "type": "Feature", "properties": { "marketLat": 10.158322, "marketLon": 39.298481 }, "geometry": { "type": "Point", "coordinates": [ 39.298481, 10.158322 ] } },
{ "type": "Feature", "properties": { "marketLat": 9.479309, "marketLon": 39.300236 }, "geometry": { "type": "Point", "coordinates": [ 39.300236, 9.479309 ] } },
{ "type": "Feature", "properties": { "marketLat": 10.91214, "marketLon": 39.301984 }, "geometry": { "type": "Point", "coordinates": [ 39.301984, 10.91214 ] } },
{ "type": "Feature", "properties": { "marketLat": 10.63259, "marketLon": 39.304095 }, "geometry": { "type": "Point", "coordinates": [ 39.304095, 10.63259 ] } },
{ "type": "Feature", "properties": { "marketLat": 12.185624, "marketLon": 39.311771 }, "geometry": { "type": "Point", "coordinates": [ 39.311771, 12.185624 ] } },
{ "type": "Feature", "properties": { "marketLat": 8.329308, "marketLon": 39.319504 }, "geometry": { "type": "Point", "coordinates": [ 39.319504, 8.329308 ] } },
{ "type": "Feature", "properties": { "marketLat": 12.346511, "marketLon": 39.321962 }, "geometry": { "type": "Point", "coordinates": [ 39.321962, 12.346511 ] } },
{ "type": "Feature", "properties": { "marketLat": 10.739194, "marketLon": 39.321794 }, "geometry": { "type": "Point", "coordinates": [ 39.321794, 10.739194 ] } },
{ "type": "Feature", "properties": { "marketLat": 6.995264, "marketLon": 39.322213 }, "geometry": { "type": "Point", "coordinates": [ 39.322213, 6.995264 ] } },
{ "type": "Feature", "properties": { "marketLat": 6.895848, "marketLon": 39.326287 }, "geometry": { "type": "Point", "coordinates": [ 39.326287, 6.895848 ] } },
{ "type": "Feature", "properties": { "marketLat": 10.643177, "marketLon": 39.330759 }, "geometry": { "type": "Point", "coordinates": [ 39.330759, 10.643177 ] } },
{ "type": "Feature", "properties": { "marketLat": 8.931824, "marketLon": 39.336915 }, "geometry": { "type": "Point", "coordinates": [ 39.336915, 8.931824 ] } },
{ "type": "Feature", "properties": { "marketLat": 12.106127, "marketLon": 39.339809 }, "geometry": { "type": "Point", "coordinates": [ 39.339809, 12.106127 ] } },
{ "type": "Feature", "properties": { "marketLat": 12.75888, "marketLon": 39.338559 }, "geometry": { "type": "Point", "coordinates": [ 39.338559, 12.75888 ] } },
{ "type": "Feature", "properties": { "marketLat": 11.106188, "marketLon": 39.340566 }, "geometry": { "type": "Point", "coordinates": [ 39.340566, 11.106188 ] } },
{ "type": "Feature", "properties": { "marketLat": 12.895243, "marketLon": 39.340916 }, "geometry": { "type": "Point", "coordinates": [ 39.340916, 12.895243 ] } },
{ "type": "Feature", "properties": { "marketLat": 10.664482, "marketLon": 39.345589 }, "geometry": { "type": "Point", "coordinates": [ 39.345589, 10.664482 ] } },
{ "type": "Feature", "properties": { "marketLat": 11.775298, "marketLon": 39.345508 }, "geometry": { "type": "Point", "coordinates": [ 39.345508, 11.775298 ] } },
{ "type": "Feature", "properties": { "marketLat": 13.009905, "marketLon": 39.34378 }, "geometry": { "type": "Point", "coordinates": [ 39.34378, 13.009905 ] } },
{ "type": "Feature", "properties": { "marketLat": 13.385738, "marketLon": 39.344704 }, "geometry": { "type": "Point", "coordinates": [ 39.344704, 13.385738 ] } },
{ "type": "Feature", "properties": { "marketLat": 10.528432, "marketLon": 39.343493 }, "geometry": { "type": "Point", "coordinates": [ 39.343493, 10.528432 ] } },
{ "type": "Feature", "properties": { "marketLat": 13.769342, "marketLon": 39.347361 }, "geometry": { "type": "Point", "coordinates": [ 39.347361, 13.769342 ] } },
{ "type": "Feature", "properties": { "marketLat": 12.583967, "marketLon": 39.350803 }, "geometry": { "type": "Point", "coordinates": [ 39.350803, 12.583967 ] } },
{ "type": "Feature", "properties": { "marketLat": 11.441157, "marketLon": 39.352785 }, "geometry": { "type": "Point", "coordinates": [ 39.352785, 11.441157 ] } },
{ "type": "Feature", "properties": { "marketLat": 11.912683, "marketLon": 39.353131 }, "geometry": { "type": "Point", "coordinates": [ 39.353131, 11.912683 ] } },
{ "type": "Feature", "properties": { "marketLat": 11.173002, "marketLon": 39.355741 }, "geometry": { "type": "Point", "coordinates": [ 39.355741, 11.173002 ] } },
{ "type": "Feature", "properties": { "marketLat": 14.217009, "marketLon": 39.356944 }, "geometry": { "type": "Point", "coordinates": [ 39.356944, 14.217009 ] } },
{ "type": "Feature", "properties": { "marketLat": 10.378825, "marketLon": 39.357263 }, "geometry": { "type": "Point", "coordinates": [ 39.357263, 10.378825 ] } },
{ "type": "Feature", "properties": { "marketLat": 13.181281, "marketLon": 39.35856 }, "geometry": { "type": "Point", "coordinates": [ 39.35856, 13.181281 ] } },
{ "type": "Feature", "properties": { "marketLat": 11.956547, "marketLon": 39.358677 }, "geometry": { "type": "Point", "coordinates": [ 39.358677, 11.956547 ] } },
{ "type": "Feature", "properties": { "marketLat": 9.865211, "marketLon": 39.349926 }, "geometry": { "type": "Point", "coordinates": [ 39.349926, 9.865211 ] } },
{ "type": "Feature", "properties": { "marketLat": 10.091917, "marketLon": 39.360439 }, "geometry": { "type": "Point", "coordinates": [ 39.360439, 10.091917 ] } },
{ "type": "Feature", "properties": { "marketLat": 12.657284, "marketLon": 39.358379 }, "geometry": { "type": "Point", "coordinates": [ 39.358379, 12.657284 ] } },
{ "type": "Feature", "properties": { "marketLat": 14.15898, "marketLon": 39.362503 }, "geometry": { "type": "Point", "coordinates": [ 39.362503, 14.15898 ] } },
{ "type": "Feature", "properties": { "marketLat": 10.802708, "marketLon": 39.363024 }, "geometry": { "type": "Point", "coordinates": [ 39.363024, 10.802708 ] } },
{ "type": "Feature", "properties": { "marketLat": 13.341975, "marketLon": 39.364772 }, "geometry": { "type": "Point", "coordinates": [ 39.364772, 13.341975 ] } },
{ "type": "Feature", "properties": { "marketLat": 11.51227, "marketLon": 39.36676 }, "geometry": { "type": "Point", "coordinates": [ 39.36676, 11.51227 ] } },
{ "type": "Feature", "properties": { "marketLat": 9.521996, "marketLon": 39.367324 }, "geometry": { "type": "Point", "coordinates": [ 39.367324, 9.521996 ] } },
{ "type": "Feature", "properties": { "marketLat": 8.914888, "marketLon": 39.368521 }, "geometry": { "type": "Point", "coordinates": [ 39.368521, 8.914888 ] } },
{ "type": "Feature", "properties": { "marketLat": 11.887943, "marketLon": 39.373621 }, "geometry": { "type": "Point", "coordinates": [ 39.373621, 11.887943 ] } },
{ "type": "Feature", "properties": { "marketLat": 10.468946, "marketLon": 39.383347 }, "geometry": { "type": "Point", "coordinates": [ 39.383347, 10.468946 ] } },
{ "type": "Feature", "properties": { "marketLat": 6.13312, "marketLon": 39.389262 }, "geometry": { "type": "Point", "coordinates": [ 39.389262, 6.13312 ] } },
{ "type": "Feature", "properties": { "marketLat": 6.99616, "marketLon": 39.389538 }, "geometry": { "type": "Point", "coordinates": [ 39.389538, 6.99616 ] } },
{ "type": "Feature", "properties": { "marketLat": 14.095651, "marketLon": 39.392875 }, "geometry": { "type": "Point", "coordinates": [ 39.392875, 14.095651 ] } },
{ "type": "Feature", "properties": { "marketLat": 7.394452, "marketLon": 39.397269 }, "geometry": { "type": "Point", "coordinates": [ 39.397269, 7.394452 ] } },
{ "type": "Feature", "properties": { "marketLat": 11.731027, "marketLon": 39.403142 }, "geometry": { "type": "Point", "coordinates": [ 39.403142, 11.731027 ] } },
{ "type": "Feature", "properties": { "marketLat": 10.85441, "marketLon": 39.400703 }, "geometry": { "type": "Point", "coordinates": [ 39.400703, 10.85441 ] } },
{ "type": "Feature", "properties": { "marketLat": 9.208349, "marketLon": 39.405346 }, "geometry": { "type": "Point", "coordinates": [ 39.405346, 9.208349 ] } },
{ "type": "Feature", "properties": { "marketLat": 11.129222, "marketLon": 39.409597 }, "geometry": { "type": "Point", "coordinates": [ 39.409597, 11.129222 ] } },
{ "type": "Feature", "properties": { "marketLat": 14.184975, "marketLon": 39.411458 }, "geometry": { "type": "Point", "coordinates": [ 39.411458, 14.184975 ] } },
{ "type": "Feature", "properties": { "marketLat": 10.979822, "marketLon": 39.417151 }, "geometry": { "type": "Point", "coordinates": [ 39.417151, 10.979822 ] } },
{ "type": "Feature", "properties": { "marketLat": 10.722742, "marketLon": 39.420717 }, "geometry": { "type": "Point", "coordinates": [ 39.420717, 10.722742 ] } },
{ "type": "Feature", "properties": { "marketLat": 13.586604, "marketLon": 39.424127 }, "geometry": { "type": "Point", "coordinates": [ 39.424127, 13.586604 ] } },
{ "type": "Feature", "properties": { "marketLat": 13.875912, "marketLon": 39.425444 }, "geometry": { "type": "Point", "coordinates": [ 39.425444, 13.875912 ] } },
{ "type": "Feature", "properties": { "marketLat": 12.376469, "marketLon": 39.431758 }, "geometry": { "type": "Point", "coordinates": [ 39.431758, 12.376469 ] } },
{ "type": "Feature", "properties": { "marketLat": 11.045986, "marketLon": 39.430769 }, "geometry": { "type": "Point", "coordinates": [ 39.430769, 11.045986 ] } },
{ "type": "Feature", "properties": { "marketLat": 7.186517, "marketLon": 39.432349 }, "geometry": { "type": "Point", "coordinates": [ 39.432349, 7.186517 ] } },
{ "type": "Feature", "properties": { "marketLat": 13.978432, "marketLon": 39.431963 }, "geometry": { "type": "Point", "coordinates": [ 39.431963, 13.978432 ] } },
{ "type": "Feature", "properties": { "marketLat": 8.135154, "marketLon": 39.433354 }, "geometry": { "type": "Point", "coordinates": [ 39.433354, 8.135154 ] } },
{ "type": "Feature", "properties": { "marketLat": 11.505735, "marketLon": 39.4394 }, "geometry": { "type": "Point", "coordinates": [ 39.4394, 11.505735 ] } },
{ "type": "Feature", "properties": { "marketLat": 11.686499, "marketLon": 39.439664 }, "geometry": { "type": "Point", "coordinates": [ 39.439664, 11.686499 ] } },
{ "type": "Feature", "properties": { "marketLat": 9.739598, "marketLon": 39.446059 }, "geometry": { "type": "Point", "coordinates": [ 39.446059, 9.739598 ] } },
{ "type": "Feature", "properties": { "marketLat": 13.795305, "marketLon": 39.448603 }, "geometry": { "type": "Point", "coordinates": [ 39.448603, 13.795305 ] } },
{ "type": "Feature", "properties": { "marketLat": 11.8936, "marketLon": 39.457869 }, "geometry": { "type": "Point", "coordinates": [ 39.457869, 11.8936 ] } },
{ "type": "Feature", "properties": { "marketLat": 14.105507, "marketLon": 39.457005 }, "geometry": { "type": "Point", "coordinates": [ 39.457005, 14.105507 ] } },
{ "type": "Feature", "properties": { "marketLat": 13.493832, "marketLon": 39.463992 }, "geometry": { "type": "Point", "coordinates": [ 39.463992, 13.493832 ] } },
{ "type": "Feature", "properties": { "marketLat": 13.462799, "marketLon": 39.465178 }, "geometry": { "type": "Point", "coordinates": [ 39.465178, 13.462799 ] } },
{ "type": "Feature", "properties": { "marketLat": 14.279576, "marketLon": 39.466305 }, "geometry": { "type": "Point", "coordinates": [ 39.466305, 14.279576 ] } },
{ "type": "Feature", "properties": { "marketLat": 10.82858, "marketLon": 39.46625 }, "geometry": { "type": "Point", "coordinates": [ 39.46625, 10.82858 ] } },
{ "type": "Feature", "properties": { "marketLat": 10.089972, "marketLon": 39.467436 }, "geometry": { "type": "Point", "coordinates": [ 39.467436, 10.089972 ] } },
{ "type": "Feature", "properties": { "marketLat": 7.035446, "marketLon": 39.474085 }, "geometry": { "type": "Point", "coordinates": [ 39.474085, 7.035446 ] } },
{ "type": "Feature", "properties": { "marketLat": 7.528165, "marketLon": 39.474078 }, "geometry": { "type": "Point", "coordinates": [ 39.474078, 7.528165 ] } },
{ "type": "Feature", "properties": { "marketLat": 11.498705, "marketLon": 39.476766 }, "geometry": { "type": "Point", "coordinates": [ 39.476766, 11.498705 ] } },
{ "type": "Feature", "properties": { "marketLat": 12.919785, "marketLon": 39.476617 }, "geometry": { "type": "Point", "coordinates": [ 39.476617, 12.919785 ] } },
{ "type": "Feature", "properties": { "marketLat": 7.437122, "marketLon": 39.477747 }, "geometry": { "type": "Point", "coordinates": [ 39.477747, 7.437122 ] } },
{ "type": "Feature", "properties": { "marketLat": 12.149433, "marketLon": 39.479496 }, "geometry": { "type": "Point", "coordinates": [ 39.479496, 12.149433 ] } },
{ "type": "Feature", "properties": { "marketLat": 11.067733, "marketLon": 39.479117 }, "geometry": { "type": "Point", "coordinates": [ 39.479117, 11.067733 ] } },
{ "type": "Feature", "properties": { "marketLat": 9.922383, "marketLon": 39.493681 }, "geometry": { "type": "Point", "coordinates": [ 39.493681, 9.922383 ] } },
{ "type": "Feature", "properties": { "marketLat": 13.138075, "marketLon": 39.496604 }, "geometry": { "type": "Point", "coordinates": [ 39.496604, 13.138075 ] } },
{ "type": "Feature", "properties": { "marketLat": 14.474833, "marketLon": 39.497497 }, "geometry": { "type": "Point", "coordinates": [ 39.497497, 14.474833 ] } },
{ "type": "Feature", "properties": { "marketLat": 8.275184, "marketLon": 39.489908 }, "geometry": { "type": "Point", "coordinates": [ 39.489908, 8.275184 ] } },
{ "type": "Feature", "properties": { "marketLat": 10.834121, "marketLon": 39.516793 }, "geometry": { "type": "Point", "coordinates": [ 39.516793, 10.834121 ] } },
{ "type": "Feature", "properties": { "marketLat": 10.358521, "marketLon": 39.522138 }, "geometry": { "type": "Point", "coordinates": [ 39.522138, 10.358521 ] } },
{ "type": "Feature", "properties": { "marketLat": 5.696474, "marketLon": 39.53194 }, "geometry": { "type": "Point", "coordinates": [ 39.53194, 5.696474 ] } },
{ "type": "Feature", "properties": { "marketLat": 9.679211, "marketLon": 39.532201 }, "geometry": { "type": "Point", "coordinates": [ 39.532201, 9.679211 ] } },
{ "type": "Feature", "properties": { "marketLat": 12.636288, "marketLon": 39.532956 }, "geometry": { "type": "Point", "coordinates": [ 39.532956, 12.636288 ] } },
{ "type": "Feature", "properties": { "marketLat": 7.159719, "marketLon": 39.539009 }, "geometry": { "type": "Point", "coordinates": [ 39.539009, 7.159719 ] } },
{ "type": "Feature", "properties": { "marketLat": 9.684383, "marketLon": 39.538024 }, "geometry": { "type": "Point", "coordinates": [ 39.538024, 9.684383 ] } },
{ "type": "Feature", "properties": { "marketLat": 9.440021, "marketLon": 39.540166 }, "geometry": { "type": "Point", "coordinates": [ 39.540166, 9.440021 ] } },
{ "type": "Feature", "properties": { "marketLat": 11.91806, "marketLon": 39.537653 }, "geometry": { "type": "Point", "coordinates": [ 39.537653, 11.91806 ] } },
{ "type": "Feature", "properties": { "marketLat": 10.960008, "marketLon": 39.542269 }, "geometry": { "type": "Point", "coordinates": [ 39.542269, 10.960008 ] } },
{ "type": "Feature", "properties": { "marketLat": 12.695779, "marketLon": 39.544693 }, "geometry": { "type": "Point", "coordinates": [ 39.544693, 12.695779 ] } },
{ "type": "Feature", "properties": { "marketLat": 6.191052, "marketLon": 39.546435 }, "geometry": { "type": "Point", "coordinates": [ 39.546435, 6.191052 ] } },
{ "type": "Feature", "properties": { "marketLat": 10.025468, "marketLon": 39.54919 }, "geometry": { "type": "Point", "coordinates": [ 39.54919, 10.025468 ] } },
{ "type": "Feature", "properties": { "marketLat": 12.78281, "marketLon": 39.549384 }, "geometry": { "type": "Point", "coordinates": [ 39.549384, 12.78281 ] } },
{ "type": "Feature", "properties": { "marketLat": 11.742459, "marketLon": 39.551589 }, "geometry": { "type": "Point", "coordinates": [ 39.551589, 11.742459 ] } },
{ "type": "Feature", "properties": { "marketLat": 10.997434, "marketLon": 39.552321 }, "geometry": { "type": "Point", "coordinates": [ 39.552321, 10.997434 ] } },
{ "type": "Feature", "properties": { "marketLat": 10.764078, "marketLon": 39.551927 }, "geometry": { "type": "Point", "coordinates": [ 39.551927, 10.764078 ] } },
{ "type": "Feature", "properties": { "marketLat": 10.158067, "marketLon": 39.552981 }, "geometry": { "type": "Point", "coordinates": [ 39.552981, 10.158067 ] } },
{ "type": "Feature", "properties": { "marketLat": 11.093189, "marketLon": 39.558576 }, "geometry": { "type": "Point", "coordinates": [ 39.558576, 11.093189 ] } },
{ "type": "Feature", "properties": { "marketLat": 9.127383, "marketLon": 39.55841 }, "geometry": { "type": "Point", "coordinates": [ 39.55841, 9.127383 ] } },
{ "type": "Feature", "properties": { "marketLat": 9.823737, "marketLon": 39.563057 }, "geometry": { "type": "Point", "coordinates": [ 39.563057, 9.823737 ] } },
{ "type": "Feature", "properties": { "marketLat": 13.578626, "marketLon": 39.57074 }, "geometry": { "type": "Point", "coordinates": [ 39.57074, 13.578626 ] } },
{ "type": "Feature", "properties": { "marketLat": 5.327303, "marketLon": 39.567604 }, "geometry": { "type": "Point", "coordinates": [ 39.567604, 5.327303 ] } },
{ "type": "Feature", "properties": { "marketLat": 7.732485, "marketLon": 39.572842 }, "geometry": { "type": "Point", "coordinates": [ 39.572842, 7.732485 ] } },
{ "type": "Feature", "properties": { "marketLat": 7.300284, "marketLon": 39.577506 }, "geometry": { "type": "Point", "coordinates": [ 39.577506, 7.300284 ] } },
{ "type": "Feature", "properties": { "marketLat": 14.054162, "marketLon": 39.571412 }, "geometry": { "type": "Point", "coordinates": [ 39.571412, 14.054162 ] } },
{ "type": "Feature", "properties": { "marketLat": 8.246252, "marketLon": 39.579439 }, "geometry": { "type": "Point", "coordinates": [ 39.579439, 8.246252 ] } },
{ "type": "Feature", "properties": { "marketLat": 11.277837, "marketLon": 39.580401 }, "geometry": { "type": "Point", "coordinates": [ 39.580401, 11.277837 ] } },
{ "type": "Feature", "properties": { "marketLat": 10.642691, "marketLon": 39.581466 }, "geometry": { "type": "Point", "coordinates": [ 39.581466, 10.642691 ] } },
{ "type": "Feature", "properties": { "marketLat": 9.882003, "marketLon": 39.582698 }, "geometry": { "type": "Point", "coordinates": [ 39.582698, 9.882003 ] } },
{ "type": "Feature", "properties": { "marketLat": 11.178787, "marketLon": 39.586792 }, "geometry": { "type": "Point", "coordinates": [ 39.586792, 11.178787 ] } },
{ "type": "Feature", "properties": { "marketLat": 11.472684, "marketLon": 39.58749 }, "geometry": { "type": "Point", "coordinates": [ 39.58749, 11.472684 ] } },
{ "type": "Feature", "properties": { "marketLat": 11.830032, "marketLon": 39.588149 }, "geometry": { "type": "Point", "coordinates": [ 39.588149, 11.830032 ] } },
{ "type": "Feature", "properties": { "marketLat": 6.40516, "marketLon": 39.590431 }, "geometry": { "type": "Point", "coordinates": [ 39.590431, 6.40516 ] } },
{ "type": "Feature", "properties": { "marketLat": 11.376545, "marketLon": 39.593973 }, "geometry": { "type": "Point", "coordinates": [ 39.593973, 11.376545 ] } },
{ "type": "Feature", "properties": { "marketLat": 8.454055, "marketLon": 39.598448 }, "geometry": { "type": "Point", "coordinates": [ 39.598448, 8.454055 ] } },
{ "type": "Feature", "properties": { "marketLat": 13.883576, "marketLon": 39.598605 }, "geometry": { "type": "Point", "coordinates": [ 39.598605, 13.883576 ] } },
{ "type": "Feature", "properties": { "marketLat": 13.960529, "marketLon": 39.598514 }, "geometry": { "type": "Point", "coordinates": [ 39.598514, 13.960529 ] } },
{ "type": "Feature", "properties": { "marketLat": 7.573031, "marketLon": 39.598588 }, "geometry": { "type": "Point", "coordinates": [ 39.598588, 7.573031 ] } },
{ "type": "Feature", "properties": { "marketLat": 9.158769, "marketLon": 39.590348 }, "geometry": { "type": "Point", "coordinates": [ 39.590348, 9.158769 ] } },
{ "type": "Feature", "properties": { "marketLat": 13.794202, "marketLon": 39.598391 }, "geometry": { "type": "Point", "coordinates": [ 39.598391, 13.794202 ] } },
{ "type": "Feature", "properties": { "marketLat": 11.424229, "marketLon": 39.601343 }, "geometry": { "type": "Point", "coordinates": [ 39.601343, 11.424229 ] } },
{ "type": "Feature", "properties": { "marketLat": 9.407367, "marketLon": 39.600959 }, "geometry": { "type": "Point", "coordinates": [ 39.600959, 9.407367 ] } },
{ "type": "Feature", "properties": { "marketLat": 11.757182, "marketLon": 39.601572 }, "geometry": { "type": "Point", "coordinates": [ 39.601572, 11.757182 ] } },
{ "type": "Feature", "properties": { "marketLat": 12.286494, "marketLon": 39.602277 }, "geometry": { "type": "Point", "coordinates": [ 39.602277, 12.286494 ] } },
{ "type": "Feature", "properties": { "marketLat": 12.316456, "marketLon": 39.602735 }, "geometry": { "type": "Point", "coordinates": [ 39.602735, 12.316456 ] } },
{ "type": "Feature", "properties": { "marketLat": 13.008897, "marketLon": 39.606247 }, "geometry": { "type": "Point", "coordinates": [ 39.606247, 13.008897 ] } },
{ "type": "Feature", "properties": { "marketLat": 11.094123, "marketLon": 39.610335 }, "geometry": { "type": "Point", "coordinates": [ 39.610335, 11.094123 ] } },
{ "type": "Feature", "properties": { "marketLat": 12.077375, "marketLon": 39.621242 }, "geometry": { "type": "Point", "coordinates": [ 39.621242, 12.077375 ] } },
{ "type": "Feature", "properties": { "marketLat": 8.893503, "marketLon": 39.620996 }, "geometry": { "type": "Point", "coordinates": [ 39.620996, 8.893503 ] } },
{ "type": "Feature", "properties": { "marketLat": 11.541548, "marketLon": 39.622885 }, "geometry": { "type": "Point", "coordinates": [ 39.622885, 11.541548 ] } },
{ "type": "Feature", "properties": { "marketLat": 13.390201, "marketLon": 39.628804 }, "geometry": { "type": "Point", "coordinates": [ 39.628804, 13.390201 ] } },
{ "type": "Feature", "properties": { "marketLat": 11.102128, "marketLon": 39.626982 }, "geometry": { "type": "Point", "coordinates": [ 39.626982, 11.102128 ] } },
{ "type": "Feature", "properties": { "marketLat": 9.953452, "marketLon": 39.627965 }, "geometry": { "type": "Point", "coordinates": [ 39.627965, 9.953452 ] } },
{ "type": "Feature", "properties": { "marketLat": 11.157911, "marketLon": 39.631344 }, "geometry": { "type": "Point", "coordinates": [ 39.631344, 11.157911 ] } },
{ "type": "Feature", "properties": { "marketLat": 11.136726, "marketLon": 39.640843 }, "geometry": { "type": "Point", "coordinates": [ 39.640843, 11.136726 ] } },
{ "type": "Feature", "properties": { "marketLat": 5.909871, "marketLon": 39.63763 }, "geometry": { "type": "Point", "coordinates": [ 39.63763, 5.909871 ] } },
{ "type": "Feature", "properties": { "marketLat": 10.804396, "marketLon": 39.638677 }, "geometry": { "type": "Point", "coordinates": [ 39.638677, 10.804396 ] } },
{ "type": "Feature", "properties": { "marketLat": 13.496791, "marketLon": 39.641063 }, "geometry": { "type": "Point", "coordinates": [ 39.641063, 13.496791 ] } },
{ "type": "Feature", "properties": { "marketLat": 9.726822, "marketLon": 39.647275 }, "geometry": { "type": "Point", "coordinates": [ 39.647275, 9.726822 ] } },
{ "type": "Feature", "properties": { "marketLat": 12.616586, "marketLon": 39.651122 }, "geometry": { "type": "Point", "coordinates": [ 39.651122, 12.616586 ] } },
{ "type": "Feature", "properties": { "marketLat": 11.222476, "marketLon": 39.649819 }, "geometry": { "type": "Point", "coordinates": [ 39.649819, 11.222476 ] } },
{ "type": "Feature", "properties": { "marketLat": 12.513715, "marketLon": 39.639263 }, "geometry": { "type": "Point", "coordinates": [ 39.639263, 12.513715 ] } },
{ "type": "Feature", "properties": { "marketLat": 6.273102, "marketLon": 39.650505 }, "geometry": { "type": "Point", "coordinates": [ 39.650505, 6.273102 ] } },
{ "type": "Feature", "properties": { "marketLat": 10.954363, "marketLon": 39.651188 }, "geometry": { "type": "Point", "coordinates": [ 39.651188, 10.954363 ] } },
{ "type": "Feature", "properties": { "marketLat": 14.231297, "marketLon": 39.65253 }, "geometry": { "type": "Point", "coordinates": [ 39.65253, 14.231297 ] } },
{ "type": "Feature", "properties": { "marketLat": 9.621746, "marketLon": 39.655875 }, "geometry": { "type": "Point", "coordinates": [ 39.655875, 9.621746 ] } },
{ "type": "Feature", "properties": { "marketLat": 10.672648, "marketLon": 39.655031 }, "geometry": { "type": "Point", "coordinates": [ 39.655031, 10.672648 ] } },
{ "type": "Feature", "properties": { "marketLat": 11.592145, "marketLon": 39.659363 }, "geometry": { "type": "Point", "coordinates": [ 39.659363, 11.592145 ] } },
{ "type": "Feature", "properties": { "marketLat": 7.079585, "marketLon": 39.66197 }, "geometry": { "type": "Point", "coordinates": [ 39.66197, 7.079585 ] } },
{ "type": "Feature", "properties": { "marketLat": 11.947763, "marketLon": 39.665363 }, "geometry": { "type": "Point", "coordinates": [ 39.665363, 11.947763 ] } },
{ "type": "Feature", "properties": { "marketLat": 11.860001, "marketLon": 39.668239 }, "geometry": { "type": "Point", "coordinates": [ 39.668239, 11.860001 ] } },
{ "type": "Feature", "properties": { "marketLat": 12.286091, "marketLon": 39.674828 }, "geometry": { "type": "Point", "coordinates": [ 39.674828, 12.286091 ] } },
{ "type": "Feature", "properties": { "marketLat": 12.423911, "marketLon": 39.677241 }, "geometry": { "type": "Point", "coordinates": [ 39.677241, 12.423911 ] } },
{ "type": "Feature", "properties": { "marketLat": 10.820341, "marketLon": 39.680547 }, "geometry": { "type": "Point", "coordinates": [ 39.680547, 10.820341 ] } },
{ "type": "Feature", "properties": { "marketLat": 9.800326, "marketLon": 39.681154 }, "geometry": { "type": "Point", "coordinates": [ 39.681154, 9.800326 ] } },
{ "type": "Feature", "properties": { "marketLat": 13.510799, "marketLon": 39.684742 }, "geometry": { "type": "Point", "coordinates": [ 39.684742, 13.510799 ] } },
{ "type": "Feature", "properties": { "marketLat": 11.238595, "marketLon": 39.685072 }, "geometry": { "type": "Point", "coordinates": [ 39.685072, 11.238595 ] } },
{ "type": "Feature", "properties": { "marketLat": 8.38369, "marketLon": 39.688096 }, "geometry": { "type": "Point", "coordinates": [ 39.688096, 8.38369 ] } },
{ "type": "Feature", "properties": { "marketLat": 7.974926, "marketLon": 39.690078 }, "geometry": { "type": "Point", "coordinates": [ 39.690078, 7.974926 ] } },
{ "type": "Feature", "properties": { "marketLat": 14.093732, "marketLon": 39.69132 }, "geometry": { "type": "Point", "coordinates": [ 39.69132, 14.093732 ] } },
{ "type": "Feature", "properties": { "marketLat": 8.047658, "marketLon": 39.693772 }, "geometry": { "type": "Point", "coordinates": [ 39.693772, 8.047658 ] } },
{ "type": "Feature", "properties": { "marketLat": 8.270959, "marketLon": 39.693077 }, "geometry": { "type": "Point", "coordinates": [ 39.693077, 8.270959 ] } },
{ "type": "Feature", "properties": { "marketLat": 9.510426, "marketLon": 39.697127 }, "geometry": { "type": "Point", "coordinates": [ 39.697127, 9.510426 ] } },
{ "type": "Feature", "properties": { "marketLat": 8.585074, "marketLon": 39.698223 }, "geometry": { "type": "Point", "coordinates": [ 39.698223, 8.585074 ] } },
{ "type": "Feature", "properties": { "marketLat": 10.546787, "marketLon": 39.600191 }, "geometry": { "type": "Point", "coordinates": [ 39.600191, 10.546787 ] } },
{ "type": "Feature", "properties": { "marketLat": 11.425058, "marketLon": 39.702809 }, "geometry": { "type": "Point", "coordinates": [ 39.702809, 11.425058 ] } },
{ "type": "Feature", "properties": { "marketLat": 9.629517, "marketLon": 39.701472 }, "geometry": { "type": "Point", "coordinates": [ 39.701472, 9.629517 ] } },
{ "type": "Feature", "properties": { "marketLat": 13.751104, "marketLon": 39.705544 }, "geometry": { "type": "Point", "coordinates": [ 39.705544, 13.751104 ] } },
{ "type": "Feature", "properties": { "marketLat": 9.193804, "marketLon": 39.708898 }, "geometry": { "type": "Point", "coordinates": [ 39.708898, 9.193804 ] } },
{ "type": "Feature", "properties": { "marketLat": 11.203691, "marketLon": 39.715014 }, "geometry": { "type": "Point", "coordinates": [ 39.715014, 11.203691 ] } },
{ "type": "Feature", "properties": { "marketLat": 11.56963, "marketLon": 39.716405 }, "geometry": { "type": "Point", "coordinates": [ 39.716405, 11.56963 ] } },
{ "type": "Feature", "properties": { "marketLat": 13.6494, "marketLon": 39.717313 }, "geometry": { "type": "Point", "coordinates": [ 39.717313, 13.6494 ] } },
{ "type": "Feature", "properties": { "marketLat": 14.289915, "marketLon": 39.718791 }, "geometry": { "type": "Point", "coordinates": [ 39.718791, 14.289915 ] } },
{ "type": "Feature", "properties": { "marketLat": 10.640712, "marketLon": 39.72037 }, "geometry": { "type": "Point", "coordinates": [ 39.72037, 10.640712 ] } },
{ "type": "Feature", "properties": { "marketLat": 11.084361, "marketLon": 39.735961 }, "geometry": { "type": "Point", "coordinates": [ 39.735961, 11.084361 ] } },
{ "type": "Feature", "properties": { "marketLat": 9.590848, "marketLon": 39.733239 }, "geometry": { "type": "Point", "coordinates": [ 39.733239, 9.590848 ] } },
{ "type": "Feature", "properties": { "marketLat": 13.873292, "marketLon": 39.737074 }, "geometry": { "type": "Point", "coordinates": [ 39.737074, 13.873292 ] } },
{ "type": "Feature", "properties": { "marketLat": 6.082614, "marketLon": 39.742755 }, "geometry": { "type": "Point", "coordinates": [ 39.742755, 6.082614 ] } },
{ "type": "Feature", "properties": { "marketLat": 12.432272, "marketLon": 39.745271 }, "geometry": { "type": "Point", "coordinates": [ 39.745271, 12.432272 ] } },
{ "type": "Feature", "properties": { "marketLat": 10.875483, "marketLon": 39.750795 }, "geometry": { "type": "Point", "coordinates": [ 39.750795, 10.875483 ] } },
{ "type": "Feature", "properties": { "marketLat": 12.17057, "marketLon": 39.749142 }, "geometry": { "type": "Point", "coordinates": [ 39.749142, 12.17057 ] } },
{ "type": "Feature", "properties": { "marketLat": 11.276886, "marketLon": 39.756734 }, "geometry": { "type": "Point", "coordinates": [ 39.756734, 11.276886 ] } },
{ "type": "Feature", "properties": { "marketLat": 9.85352, "marketLon": 39.759197 }, "geometry": { "type": "Point", "coordinates": [ 39.759197, 9.85352 ] } },
{ "type": "Feature", "properties": { "marketLat": 11.184159, "marketLon": 39.761728 }, "geometry": { "type": "Point", "coordinates": [ 39.761728, 11.184159 ] } },
{ "type": "Feature", "properties": { "marketLat": 11.339372, "marketLon": 39.768269 }, "geometry": { "type": "Point", "coordinates": [ 39.768269, 11.339372 ] } },
{ "type": "Feature", "properties": { "marketLat": 12.628549, "marketLon": 39.768661 }, "geometry": { "type": "Point", "coordinates": [ 39.768661, 12.628549 ] } },
{ "type": "Feature", "properties": { "marketLat": 10.226107, "marketLon": 39.7722 }, "geometry": { "type": "Point", "coordinates": [ 39.7722, 10.226107 ] } },
{ "type": "Feature", "properties": { "marketLat": 12.540569, "marketLon": 39.773535 }, "geometry": { "type": "Point", "coordinates": [ 39.773535, 12.540569 ] } },
{ "type": "Feature", "properties": { "marketLat": 11.980463, "marketLon": 39.775681 }, "geometry": { "type": "Point", "coordinates": [ 39.775681, 11.980463 ] } },
{ "type": "Feature", "properties": { "marketLat": 6.409916, "marketLon": 39.775899 }, "geometry": { "type": "Point", "coordinates": [ 39.775899, 6.409916 ] } },
{ "type": "Feature", "properties": { "marketLat": 5.766928, "marketLon": 39.776461 }, "geometry": { "type": "Point", "coordinates": [ 39.776461, 5.766928 ] } },
{ "type": "Feature", "properties": { "marketLat": 10.784283, "marketLon": 39.775917 }, "geometry": { "type": "Point", "coordinates": [ 39.775917, 10.784283 ] } },
{ "type": "Feature", "properties": { "marketLat": 9.495684, "marketLon": 39.778051 }, "geometry": { "type": "Point", "coordinates": [ 39.778051, 9.495684 ] } },
{ "type": "Feature", "properties": { "marketLat": 10.699631, "marketLon": 39.78206 }, "geometry": { "type": "Point", "coordinates": [ 39.78206, 10.699631 ] } },
{ "type": "Feature", "properties": { "marketLat": 10.483769, "marketLon": 39.783801 }, "geometry": { "type": "Point", "coordinates": [ 39.783801, 10.483769 ] } },
{ "type": "Feature", "properties": { "marketLat": 10.143095, "marketLon": 39.788708 }, "geometry": { "type": "Point", "coordinates": [ 39.788708, 10.143095 ] } },
{ "type": "Feature", "properties": { "marketLat": 6.242132, "marketLon": 39.790221 }, "geometry": { "type": "Point", "coordinates": [ 39.790221, 6.242132 ] } },
{ "type": "Feature", "properties": { "marketLat": 11.237948, "marketLon": 39.793951 }, "geometry": { "type": "Point", "coordinates": [ 39.793951, 11.237948 ] } },
{ "type": "Feature", "properties": { "marketLat": 6.248545, "marketLon": 39.794473 }, "geometry": { "type": "Point", "coordinates": [ 39.794473, 6.248545 ] } },
{ "type": "Feature", "properties": { "marketLat": 11.8053, "marketLon": 39.804044 }, "geometry": { "type": "Point", "coordinates": [ 39.804044, 11.8053 ] } },
{ "type": "Feature", "properties": { "marketLat": 11.683068, "marketLon": 39.804669 }, "geometry": { "type": "Point", "coordinates": [ 39.804669, 11.683068 ] } },
{ "type": "Feature", "properties": { "marketLat": 10.838718, "marketLon": 39.809286 }, "geometry": { "type": "Point", "coordinates": [ 39.809286, 10.838718 ] } },
{ "type": "Feature", "properties": { "marketLat": 11.435179, "marketLon": 39.810857 }, "geometry": { "type": "Point", "coordinates": [ 39.810857, 11.435179 ] } },
{ "type": "Feature", "properties": { "marketLat": 12.766999, "marketLon": 39.812566 }, "geometry": { "type": "Point", "coordinates": [ 39.812566, 12.766999 ] } },
{ "type": "Feature", "properties": { "marketLat": 7.265134, "marketLon": 39.821582 }, "geometry": { "type": "Point", "coordinates": [ 39.821582, 7.265134 ] } },
{ "type": "Feature", "properties": { "marketLat": 10.574635, "marketLon": 39.822471 }, "geometry": { "type": "Point", "coordinates": [ 39.822471, 10.574635 ] } },
{ "type": "Feature", "properties": { "marketLat": 10.139333, "marketLon": 39.830566 }, "geometry": { "type": "Point", "coordinates": [ 39.830566, 10.139333 ] } },
{ "type": "Feature", "properties": { "marketLat": 7.279, "marketLon": 39.832292 }, "geometry": { "type": "Point", "coordinates": [ 39.832292, 7.279 ] } },
{ "type": "Feature", "properties": { "marketLat": 10.975676, "marketLon": 39.833483 }, "geometry": { "type": "Point", "coordinates": [ 39.833483, 10.975676 ] } },
{ "type": "Feature", "properties": { "marketLat": 11.238681, "marketLon": 39.832092 }, "geometry": { "type": "Point", "coordinates": [ 39.832092, 11.238681 ] } },
{ "type": "Feature", "properties": { "marketLat": 11.373991, "marketLon": 39.839387 }, "geometry": { "type": "Point", "coordinates": [ 39.839387, 11.373991 ] } },
{ "type": "Feature", "properties": { "marketLat": 11.271972, "marketLon": 39.846236 }, "geometry": { "type": "Point", "coordinates": [ 39.846236, 11.271972 ] } },
{ "type": "Feature", "properties": { "marketLat": 10.645035, "marketLon": 39.85204 }, "geometry": { "type": "Point", "coordinates": [ 39.85204, 10.645035 ] } },
{ "type": "Feature", "properties": { "marketLat": 8.281341, "marketLon": 39.856349 }, "geometry": { "type": "Point", "coordinates": [ 39.856349, 8.281341 ] } },
{ "type": "Feature", "properties": { "marketLat": 11.73086, "marketLon": 39.85699 }, "geometry": { "type": "Point", "coordinates": [ 39.85699, 11.73086 ] } },
{ "type": "Feature", "properties": { "marketLat": 6.42364, "marketLon": 39.859326 }, "geometry": { "type": "Point", "coordinates": [ 39.859326, 6.42364 ] } },
{ "type": "Feature", "properties": { "marketLat": 10.492787, "marketLon": 39.864094 }, "geometry": { "type": "Point", "coordinates": [ 39.864094, 10.492787 ] } },
{ "type": "Feature", "properties": { "marketLat": 13.972163, "marketLon": 39.865814 }, "geometry": { "type": "Point", "coordinates": [ 39.865814, 13.972163 ] } },
{ "type": "Feature", "properties": { "marketLat": 11.215079, "marketLon": 39.866031 }, "geometry": { "type": "Point", "coordinates": [ 39.866031, 11.215079 ] } },
{ "type": "Feature", "properties": { "marketLat": 13.801226, "marketLon": 39.867182 }, "geometry": { "type": "Point", "coordinates": [ 39.867182, 13.801226 ] } },
{ "type": "Feature", "properties": { "marketLat": 10.713888, "marketLon": 39.87467 }, "geometry": { "type": "Point", "coordinates": [ 39.87467, 10.713888 ] } },
{ "type": "Feature", "properties": { "marketLat": 10.086849, "marketLon": 39.869568 }, "geometry": { "type": "Point", "coordinates": [ 39.869568, 10.086849 ] } },
{ "type": "Feature", "properties": { "marketLat": 10.405686, "marketLon": 39.869629 }, "geometry": { "type": "Point", "coordinates": [ 39.869629, 10.405686 ] } },
{ "type": "Feature", "properties": { "marketLat": 13.899981, "marketLon": 39.868969 }, "geometry": { "type": "Point", "coordinates": [ 39.868969, 13.899981 ] } },
{ "type": "Feature", "properties": { "marketLat": 10.8469, "marketLon": 39.875207 }, "geometry": { "type": "Point", "coordinates": [ 39.875207, 10.8469 ] } },
{ "type": "Feature", "properties": { "marketLat": 11.441956, "marketLon": 39.87905 }, "geometry": { "type": "Point", "coordinates": [ 39.87905, 11.441956 ] } },
{ "type": "Feature", "properties": { "marketLat": 10.182183, "marketLon": 39.880047 }, "geometry": { "type": "Point", "coordinates": [ 39.880047, 10.182183 ] } },
{ "type": "Feature", "properties": { "marketLat": 10.319536, "marketLon": 39.881326 }, "geometry": { "type": "Point", "coordinates": [ 39.881326, 10.319536 ] } },
{ "type": "Feature", "properties": { "marketLat": 12.392172, "marketLon": 39.882103 }, "geometry": { "type": "Point", "coordinates": [ 39.882103, 12.392172 ] } },
{ "type": "Feature", "properties": { "marketLat": 7.349597, "marketLon": 39.883059 }, "geometry": { "type": "Point", "coordinates": [ 39.883059, 7.349597 ] } },
{ "type": "Feature", "properties": { "marketLat": 5.819265, "marketLon": 39.892086 }, "geometry": { "type": "Point", "coordinates": [ 39.892086, 5.819265 ] } },
{ "type": "Feature", "properties": { "marketLat": 10.079151, "marketLon": 39.893289 }, "geometry": { "type": "Point", "coordinates": [ 39.893289, 10.079151 ] } },
{ "type": "Feature", "properties": { "marketLat": 11.267606, "marketLon": 39.894262 }, "geometry": { "type": "Point", "coordinates": [ 39.894262, 11.267606 ] } },
{ "type": "Feature", "properties": { "marketLat": 10.117208, "marketLon": 39.900006 }, "geometry": { "type": "Point", "coordinates": [ 39.900006, 10.117208 ] } },
{ "type": "Feature", "properties": { "marketLat": 7.132114, "marketLon": 39.899856 }, "geometry": { "type": "Point", "coordinates": [ 39.899856, 7.132114 ] } },
{ "type": "Feature", "properties": { "marketLat": 10.295691, "marketLon": 39.90257 }, "geometry": { "type": "Point", "coordinates": [ 39.90257, 10.295691 ] } },
{ "type": "Feature", "properties": { "marketLat": 11.385276, "marketLon": 39.903586 }, "geometry": { "type": "Point", "coordinates": [ 39.903586, 11.385276 ] } },
{ "type": "Feature", "properties": { "marketLat": 11.289638, "marketLon": 39.903732 }, "geometry": { "type": "Point", "coordinates": [ 39.903732, 11.289638 ] } },
{ "type": "Feature", "properties": { "marketLat": 10.798882, "marketLon": 39.910153 }, "geometry": { "type": "Point", "coordinates": [ 39.910153, 10.798882 ] } },
{ "type": "Feature", "properties": { "marketLat": 11.202826, "marketLon": 39.910321 }, "geometry": { "type": "Point", "coordinates": [ 39.910321, 11.202826 ] } },
{ "type": "Feature", "properties": { "marketLat": 8.87139, "marketLon": 39.913027 }, "geometry": { "type": "Point", "coordinates": [ 39.913027, 8.87139 ] } },
{ "type": "Feature", "properties": { "marketLat": 10.254511, "marketLon": 39.913589 }, "geometry": { "type": "Point", "coordinates": [ 39.913589, 10.254511 ] } },
{ "type": "Feature", "properties": { "marketLat": 14.208897, "marketLon": 39.916879 }, "geometry": { "type": "Point", "coordinates": [ 39.916879, 14.208897 ] } },
{ "type": "Feature", "properties": { "marketLat": 8.897861, "marketLon": 39.917588 }, "geometry": { "type": "Point", "coordinates": [ 39.917588, 8.897861 ] } },
{ "type": "Feature", "properties": { "marketLat": 10.983241, "marketLon": 39.930572 }, "geometry": { "type": "Point", "coordinates": [ 39.930572, 10.983241 ] } },
{ "type": "Feature", "properties": { "marketLat": 12.826436, "marketLon": 39.931234 }, "geometry": { "type": "Point", "coordinates": [ 39.931234, 12.826436 ] } },
{ "type": "Feature", "properties": { "marketLat": 11.163582, "marketLon": 39.935598 }, "geometry": { "type": "Point", "coordinates": [ 39.935598, 11.163582 ] } },
{ "type": "Feature", "properties": { "marketLat": 10.421497, "marketLon": 39.936 }, "geometry": { "type": "Point", "coordinates": [ 39.936, 10.421497 ] } },
{ "type": "Feature", "properties": { "marketLat": 7.386792, "marketLon": 39.944372 }, "geometry": { "type": "Point", "coordinates": [ 39.944372, 7.386792 ] } },
{ "type": "Feature", "properties": { "marketLat": 10.680353, "marketLon": 39.945048 }, "geometry": { "type": "Point", "coordinates": [ 39.945048, 10.680353 ] } },
{ "type": "Feature", "properties": { "marketLat": 11.49197, "marketLon": 39.956038 }, "geometry": { "type": "Point", "coordinates": [ 39.956038, 11.49197 ] } },
{ "type": "Feature", "properties": { "marketLat": 9.547645, "marketLon": 39.956087 }, "geometry": { "type": "Point", "coordinates": [ 39.956087, 9.547645 ] } },
{ "type": "Feature", "properties": { "marketLat": 6.486029, "marketLon": 39.964378 }, "geometry": { "type": "Point", "coordinates": [ 39.964378, 6.486029 ] } },
{ "type": "Feature", "properties": { "marketLat": 10.731544, "marketLon": 39.966003 }, "geometry": { "type": "Point", "coordinates": [ 39.966003, 10.731544 ] } },
{ "type": "Feature", "properties": { "marketLat": 10.163616, "marketLon": 39.970886 }, "geometry": { "type": "Point", "coordinates": [ 39.970886, 10.163616 ] } },
{ "type": "Feature", "properties": { "marketLat": 10.103931, "marketLon": 39.974191 }, "geometry": { "type": "Point", "coordinates": [ 39.974191, 10.103931 ] } },
{ "type": "Feature", "properties": { "marketLat": 7.020346, "marketLon": 39.975919 }, "geometry": { "type": "Point", "coordinates": [ 39.975919, 7.020346 ] } },
{ "type": "Feature", "properties": { "marketLat": 7.006357, "marketLon": 39.981802 }, "geometry": { "type": "Point", "coordinates": [ 39.981802, 7.006357 ] } },
{ "type": "Feature", "properties": { "marketLat": 10.470666, "marketLon": 39.984544 }, "geometry": { "type": "Point", "coordinates": [ 39.984544, 10.470666 ] } },
{ "type": "Feature", "properties": { "marketLat": 8.122527, "marketLon": 39.987989 }, "geometry": { "type": "Point", "coordinates": [ 39.987989, 8.122527 ] } },
{ "type": "Feature", "properties": { "marketLat": 10.315434, "marketLon": 39.989212 }, "geometry": { "type": "Point", "coordinates": [ 39.989212, 10.315434 ] } },
{ "type": "Feature", "properties": { "marketLat": 6.563134, "marketLon": 39.996497 }, "geometry": { "type": "Point", "coordinates": [ 39.996497, 6.563134 ] } },
{ "type": "Feature", "properties": { "marketLat": 10.802207, "marketLon": 40.000417 }, "geometry": { "type": "Point", "coordinates": [ 40.000417, 10.802207 ] } },
{ "type": "Feature", "properties": { "marketLat": 8.059385, "marketLon": 40.003234 }, "geometry": { "type": "Point", "coordinates": [ 40.003234, 8.059385 ] } },
{ "type": "Feature", "properties": { "marketLat": 7.244832, "marketLon": 40.003208 }, "geometry": { "type": "Point", "coordinates": [ 40.003208, 7.244832 ] } },
{ "type": "Feature", "properties": { "marketLat": 7.132055, "marketLon": 40.003613 }, "geometry": { "type": "Point", "coordinates": [ 40.003613, 7.132055 ] } },
{ "type": "Feature", "properties": { "marketLat": 9.827126, "marketLon": 40.014355 }, "geometry": { "type": "Point", "coordinates": [ 40.014355, 9.827126 ] } },
{ "type": "Feature", "properties": { "marketLat": 10.586157, "marketLon": 40.026086 }, "geometry": { "type": "Point", "coordinates": [ 40.026086, 10.586157 ] } },
{ "type": "Feature", "properties": { "marketLat": 10.916792, "marketLon": 40.026635 }, "geometry": { "type": "Point", "coordinates": [ 40.026635, 10.916792 ] } },
{ "type": "Feature", "properties": { "marketLat": 8.316986, "marketLon": 40.037159 }, "geometry": { "type": "Point", "coordinates": [ 40.037159, 8.316986 ] } },
{ "type": "Feature", "properties": { "marketLat": 10.480629, "marketLon": 40.039324 }, "geometry": { "type": "Point", "coordinates": [ 40.039324, 10.480629 ] } },
{ "type": "Feature", "properties": { "marketLat": 8.226349, "marketLon": 40.051843 }, "geometry": { "type": "Point", "coordinates": [ 40.051843, 8.226349 ] } },
{ "type": "Feature", "properties": { "marketLat": 6.614553, "marketLon": 40.069132 }, "geometry": { "type": "Point", "coordinates": [ 40.069132, 6.614553 ] } },
{ "type": "Feature", "properties": { "marketLat": 8.134292, "marketLon": 40.072116 }, "geometry": { "type": "Point", "coordinates": [ 40.072116, 8.134292 ] } },
{ "type": "Feature", "properties": { "marketLat": 6.77235, "marketLon": 40.083215 }, "geometry": { "type": "Point", "coordinates": [ 40.083215, 6.77235 ] } },
{ "type": "Feature", "properties": { "marketLat": 7.881767, "marketLon": 40.084144 }, "geometry": { "type": "Point", "coordinates": [ 40.084144, 7.881767 ] } },
{ "type": "Feature", "properties": { "marketLat": 8.078344, "marketLon": 40.087589 }, "geometry": { "type": "Point", "coordinates": [ 40.087589, 8.078344 ] } },
{ "type": "Feature", "properties": { "marketLat": 7.772278, "marketLon": 40.10438 }, "geometry": { "type": "Point", "coordinates": [ 40.10438, 7.772278 ] } },
{ "type": "Feature", "properties": { "marketLat": 6.987366, "marketLon": 40.114351 }, "geometry": { "type": "Point", "coordinates": [ 40.114351, 6.987366 ] } },
{ "type": "Feature", "properties": { "marketLat": 6.695883, "marketLon": 40.124136 }, "geometry": { "type": "Point", "coordinates": [ 40.124136, 6.695883 ] } },
{ "type": "Feature", "properties": { "marketLat": 8.128158, "marketLon": 40.131819 }, "geometry": { "type": "Point", "coordinates": [ 40.131819, 8.128158 ] } },
{ "type": "Feature", "properties": { "marketLat": 8.25071, "marketLon": 40.134232 }, "geometry": { "type": "Point", "coordinates": [ 40.134232, 8.25071 ] } },
{ "type": "Feature", "properties": { "marketLat": 6.747041, "marketLon": 40.177953 }, "geometry": { "type": "Point", "coordinates": [ 40.177953, 6.747041 ] } },
{ "type": "Feature", "properties": { "marketLat": 8.39525, "marketLon": 40.179658 }, "geometry": { "type": "Point", "coordinates": [ 40.179658, 8.39525 ] } },
{ "type": "Feature", "properties": { "marketLat": 9.327565, "marketLon": 40.179837 }, "geometry": { "type": "Point", "coordinates": [ 40.179837, 9.327565 ] } },
{ "type": "Feature", "properties": { "marketLat": 7.369037, "marketLon": 40.180258 }, "geometry": { "type": "Point", "coordinates": [ 40.180258, 7.369037 ] } },
{ "type": "Feature", "properties": { "marketLat": 10.814793, "marketLon": 40.182368 }, "geometry": { "type": "Point", "coordinates": [ 40.182368, 10.814793 ] } },
{ "type": "Feature", "properties": { "marketLat": 7.456965, "marketLon": 40.189891 }, "geometry": { "type": "Point", "coordinates": [ 40.189891, 7.456965 ] } },
{ "type": "Feature", "properties": { "marketLat": 7.674902, "marketLon": 40.202428 }, "geometry": { "type": "Point", "coordinates": [ 40.202428, 7.674902 ] } },
{ "type": "Feature", "properties": { "marketLat": 10.925011, "marketLon": 40.212184 }, "geometry": { "type": "Point", "coordinates": [ 40.212184, 10.925011 ] } },
{ "type": "Feature", "properties": { "marketLat": 8.519126, "marketLon": 40.2351 }, "geometry": { "type": "Point", "coordinates": [ 40.2351, 8.519126 ] } },
{ "type": "Feature", "properties": { "marketLat": 8.693688, "marketLon": 40.237955 }, "geometry": { "type": "Point", "coordinates": [ 40.237955, 8.693688 ] } },
{ "type": "Feature", "properties": { "marketLat": 7.177799, "marketLon": 40.243014 }, "geometry": { "type": "Point", "coordinates": [ 40.243014, 7.177799 ] } },
{ "type": "Feature", "properties": { "marketLat": 8.426448, "marketLon": 40.24994 }, "geometry": { "type": "Point", "coordinates": [ 40.24994, 8.426448 ] } },
{ "type": "Feature", "properties": { "marketLat": 8.791782, "marketLon": 40.284053 }, "geometry": { "type": "Point", "coordinates": [ 40.284053, 8.791782 ] } },
{ "type": "Feature", "properties": { "marketLat": 6.826233, "marketLon": 40.291713 }, "geometry": { "type": "Point", "coordinates": [ 40.291713, 6.826233 ] } },
{ "type": "Feature", "properties": { "marketLat": 7.280573, "marketLon": 40.303057 }, "geometry": { "type": "Point", "coordinates": [ 40.303057, 7.280573 ] } },
{ "type": "Feature", "properties": { "marketLat": 8.898816, "marketLon": 40.314476 }, "geometry": { "type": "Point", "coordinates": [ 40.314476, 8.898816 ] } },
{ "type": "Feature", "properties": { "marketLat": 8.505428, "marketLon": 40.369889 }, "geometry": { "type": "Point", "coordinates": [ 40.369889, 8.505428 ] } },
{ "type": "Feature", "properties": { "marketLat": 9.014343, "marketLon": 40.389372 }, "geometry": { "type": "Point", "coordinates": [ 40.389372, 9.014343 ] } },
{ "type": "Feature", "properties": { "marketLat": 6.838286, "marketLon": 40.401193 }, "geometry": { "type": "Point", "coordinates": [ 40.401193, 6.838286 ] } },
{ "type": "Feature", "properties": { "marketLat": 6.837209, "marketLon": 40.405318 }, "geometry": { "type": "Point", "coordinates": [ 40.405318, 6.837209 ] } },
{ "type": "Feature", "properties": { "marketLat": 7.221627, "marketLon": 40.412226 }, "geometry": { "type": "Point", "coordinates": [ 40.412226, 7.221627 ] } },
{ "type": "Feature", "properties": { "marketLat": 8.828172, "marketLon": 40.422364 }, "geometry": { "type": "Point", "coordinates": [ 40.422364, 8.828172 ] } },
{ "type": "Feature", "properties": { "marketLat": 8.265655, "marketLon": 40.432426 }, "geometry": { "type": "Point", "coordinates": [ 40.432426, 8.265655 ] } },
{ "type": "Feature", "properties": { "marketLat": 6.64174, "marketLon": 40.437557 }, "geometry": { "type": "Point", "coordinates": [ 40.437557, 6.64174 ] } },
{ "type": "Feature", "properties": { "marketLat": 8.150762, "marketLon": 40.495672 }, "geometry": { "type": "Point", "coordinates": [ 40.495672, 8.150762 ] } },
{ "type": "Feature", "properties": { "marketLat": 8.704772, "marketLon": 40.524957 }, "geometry": { "type": "Point", "coordinates": [ 40.524957, 8.704772 ] } },
{ "type": "Feature", "properties": { "marketLat": 8.4321, "marketLon": 40.525848 }, "geometry": { "type": "Point", "coordinates": [ 40.525848, 8.4321 ] } },
{ "type": "Feature", "properties": { "marketLat": 7.432103, "marketLon": 40.531566 }, "geometry": { "type": "Point", "coordinates": [ 40.531566, 7.432103 ] } },
{ "type": "Feature", "properties": { "marketLat": 9.107124, "marketLon": 40.534672 }, "geometry": { "type": "Point", "coordinates": [ 40.534672, 9.107124 ] } },
{ "type": "Feature", "properties": { "marketLat": 8.951031, "marketLon": 40.554099 }, "geometry": { "type": "Point", "coordinates": [ 40.554099, 8.951031 ] } },
{ "type": "Feature", "properties": { "marketLat": 9.079797, "marketLon": 40.588221 }, "geometry": { "type": "Point", "coordinates": [ 40.588221, 9.079797 ] } },
{ "type": "Feature", "properties": { "marketLat": 7.469557, "marketLon": 40.610535 }, "geometry": { "type": "Point", "coordinates": [ 40.610535, 7.469557 ] } },
{ "type": "Feature", "properties": { "marketLat": 5.109435, "marketLon": 40.660196 }, "geometry": { "type": "Point", "coordinates": [ 40.660196, 5.109435 ] } },
{ "type": "Feature", "properties": { "marketLat": 9.176181, "marketLon": 40.665951 }, "geometry": { "type": "Point", "coordinates": [ 40.665951, 9.176181 ] } },
{ "type": "Feature", "properties": { "marketLat": 8.627844, "marketLon": 40.677806 }, "geometry": { "type": "Point", "coordinates": [ 40.677806, 8.627844 ] } },
{ "type": "Feature", "properties": { "marketLat": 8.873218, "marketLon": 40.683856 }, "geometry": { "type": "Point", "coordinates": [ 40.683856, 8.873218 ] } },
{ "type": "Feature", "properties": { "marketLat": 8.713924, "marketLon": 40.733693 }, "geometry": { "type": "Point", "coordinates": [ 40.733693, 8.713924 ] } },
{ "type": "Feature", "properties": { "marketLat": 8.657024, "marketLon": 40.7532 }, "geometry": { "type": "Point", "coordinates": [ 40.7532, 8.657024 ] } },
{ "type": "Feature", "properties": { "marketLat": 9.233034, "marketLon": 40.757782 }, "geometry": { "type": "Point", "coordinates": [ 40.757782, 9.233034 ] } },
{ "type": "Feature", "properties": { "marketLat": 8.90218, "marketLon": 40.77944 }, "geometry": { "type": "Point", "coordinates": [ 40.77944, 8.90218 ] } },
{ "type": "Feature", "properties": { "marketLat": 8.77809, "marketLon": 40.810926 }, "geometry": { "type": "Point", "coordinates": [ 40.810926, 8.77809 ] } },
{ "type": "Feature", "properties": { "marketLat": 8.590839, "marketLon": 40.823233 }, "geometry": { "type": "Point", "coordinates": [ 40.823233, 8.590839 ] } },
{ "type": "Feature", "properties": { "marketLat": 7.261775, "marketLon": 40.834686 }, "geometry": { "type": "Point", "coordinates": [ 40.834686, 7.261775 ] } },
{ "type": "Feature", "properties": { "marketLat": 9.089072, "marketLon": 40.869138 }, "geometry": { "type": "Point", "coordinates": [ 40.869138, 9.089072 ] } },
{ "type": "Feature", "properties": { "marketLat": 8.524926, "marketLon": 40.915416 }, "geometry": { "type": "Point", "coordinates": [ 40.915416, 8.524926 ] } },
{ "type": "Feature", "properties": { "marketLat": 11.719335, "marketLon": 40.96538 }, "geometry": { "type": "Point", "coordinates": [ 40.96538, 11.719335 ] } },
{ "type": "Feature", "properties": { "marketLat": 6.642264, "marketLon": 40.978996 }, "geometry": { "type": "Point", "coordinates": [ 40.978996, 6.642264 ] } },
{ "type": "Feature", "properties": { "marketLat": 7.456001, "marketLon": 40.979328 }, "geometry": { "type": "Point", "coordinates": [ 40.979328, 7.456001 ] } },
{ "type": "Feature", "properties": { "marketLat": 7.877331, "marketLon": 40.992755 }, "geometry": { "type": "Point", "coordinates": [ 40.992755, 7.877331 ] } },
{ "type": "Feature", "properties": { "marketLat": 9.139635, "marketLon": 41.006432 }, "geometry": { "type": "Point", "coordinates": [ 41.006432, 9.139635 ] } },
{ "type": "Feature", "properties": { "marketLat": 8.638471, "marketLon": 41.045759 }, "geometry": { "type": "Point", "coordinates": [ 41.045759, 8.638471 ] } },
{ "type": "Feature", "properties": { "marketLat": 8.320786, "marketLon": 41.085929 }, "geometry": { "type": "Point", "coordinates": [ 41.085929, 8.320786 ] } },
{ "type": "Feature", "properties": { "marketLat": 8.984092, "marketLon": 41.124342 }, "geometry": { "type": "Point", "coordinates": [ 41.124342, 8.984092 ] } },
{ "type": "Feature", "properties": { "marketLat": 7.925376, "marketLon": 41.162844 }, "geometry": { "type": "Point", "coordinates": [ 41.162844, 7.925376 ] } },
{ "type": "Feature", "properties": { "marketLat": 9.280258, "marketLon": 41.205347 }, "geometry": { "type": "Point", "coordinates": [ 41.205347, 9.280258 ] } },
{ "type": "Feature", "properties": { "marketLat": 8.966895, "marketLon": 41.214873 }, "geometry": { "type": "Point", "coordinates": [ 41.214873, 8.966895 ] } },
{ "type": "Feature", "properties": { "marketLat": 9.334394, "marketLon": 41.291751 }, "geometry": { "type": "Point", "coordinates": [ 41.291751, 9.334394 ] } },
{ "type": "Feature", "properties": { "marketLat": 9.036478, "marketLon": 41.311097 }, "geometry": { "type": "Point", "coordinates": [ 41.311097, 9.036478 ] } },
{ "type": "Feature", "properties": { "marketLat": 9.17458, "marketLon": 41.336878 }, "geometry": { "type": "Point", "coordinates": [ 41.336878, 9.17458 ] } },
{ "type": "Feature", "properties": { "marketLat": 9.226399, "marketLon": 41.345869 }, "geometry": { "type": "Point", "coordinates": [ 41.345869, 9.226399 ] } },
{ "type": "Feature", "properties": { "marketLat": 8.956663, "marketLon": 41.356741 }, "geometry": { "type": "Point", "coordinates": [ 41.356741, 8.956663 ] } },
{ "type": "Feature", "properties": { "marketLat": 9.081316, "marketLon": 41.36513 }, "geometry": { "type": "Point", "coordinates": [ 41.36513, 9.081316 ] } },
{ "type": "Feature", "properties": { "marketLat": 9.165371, "marketLon": 41.445237 }, "geometry": { "type": "Point", "coordinates": [ 41.445237, 9.165371 ] } },
{ "type": "Feature", "properties": { "marketLat": 9.139004, "marketLon": 41.495425 }, "geometry": { "type": "Point", "coordinates": [ 41.495425, 9.139004 ] } },
{ "type": "Feature", "properties": { "marketLat": 8.912958, "marketLon": 41.576289 }, "geometry": { "type": "Point", "coordinates": [ 41.576289, 8.912958 ] } },
{ "type": "Feature", "properties": { "marketLat": 8.701455, "marketLon": 41.633946 }, "geometry": { "type": "Point", "coordinates": [ 41.633946, 8.701455 ] } },
{ "type": "Feature", "properties": { "marketLat": 9.355841, "marketLon": 41.77188 }, "geometry": { "type": "Point", "coordinates": [ 41.77188, 9.355841 ] } },
{ "type": "Feature", "properties": { "marketLat": 8.856873, "marketLon": 41.771146 }, "geometry": { "type": "Point", "coordinates": [ 41.771146, 8.856873 ] } },
{ "type": "Feature", "properties": { "marketLat": 9.436655, "marketLon": 41.795142 }, "geometry": { "type": "Point", "coordinates": [ 41.795142, 9.436655 ] } },
{ "type": "Feature", "properties": { "marketLat": 8.657654, "marketLon": 41.846936 }, "geometry": { "type": "Point", "coordinates": [ 41.846936, 8.657654 ] } },
{ "type": "Feature", "properties": { "marketLat": 9.454509, "marketLon": 41.865367 }, "geometry": { "type": "Point", "coordinates": [ 41.865367, 9.454509 ] } },
{ "type": "Feature", "properties": { "marketLat": 8.376228, "marketLon": 41.877798 }, "geometry": { "type": "Point", "coordinates": [ 41.877798, 8.376228 ] } },
{ "type": "Feature", "properties": { "marketLat": 9.228322, "marketLon": 42.340086 }, "geometry": { "type": "Point", "coordinates": [ 42.340086, 9.228322 ] } },
{ "type": "Feature", "properties": { "marketLat": 8.579936, "marketLon": 42.397247 }, "geometry": { "type": "Point", "coordinates": [ 42.397247, 8.579936 ] } },
{ "type": "Feature", "properties": { "marketLat": 8.71388, "marketLon": 42.406961 }, "geometry": { "type": "Point", "coordinates": [ 42.406961, 8.71388 ] } },
{ "type": "Feature", "properties": { "marketLat": 8.907146, "marketLon": 42.410863 }, "geometry": { "type": "Point", "coordinates": [ 42.410863, 8.907146 ] } },
{ "type": "Feature", "properties": { "marketLat": 9.333726, "marketLon": 42.810647 }, "geometry": { "type": "Point", "coordinates": [ 42.810647, 9.333726 ] } },
{ "type": "Feature", "properties": { "marketLat": 4.365121, "marketLon": 38.277922 }, "geometry": { "type": "Point", "coordinates": [ 38.277922, 4.365121 ] } },
{ "type": "Feature", "properties": { "marketLat": 4.970516, "marketLon": 36.488106 }, "geometry": { "type": "Point", "coordinates": [ 36.488106, 4.970516 ] } },
{ "type": "Feature", "properties": { "marketLat": 5.133814, "marketLon": 38.299838 }, "geometry": { "type": "Point", "coordinates": [ 38.299838, 5.133814 ] } },
{ "type": "Feature", "properties": { "marketLat": 5.332362, "marketLon": 37.420887 }, "geometry": { "type": "Point", "coordinates": [ 37.420887, 5.332362 ] } },
{ "type": "Feature", "properties": { "marketLat": 5.341849, "marketLon": 37.441766 }, "geometry": { "type": "Point", "coordinates": [ 37.441766, 5.341849 ] } },
{ "type": "Feature", "properties": { "marketLat": 5.490542, "marketLon": 37.864174 }, "geometry": { "type": "Point", "coordinates": [ 37.864174, 5.490542 ] } },
{ "type": "Feature", "properties": { "marketLat": 5.520065, "marketLon": 36.735391 }, "geometry": { "type": "Point", "coordinates": [ 36.735391, 5.520065 ] } },
{ "type": "Feature", "properties": { "marketLat": 5.55281, "marketLon": 39.390181 }, "geometry": { "type": "Point", "coordinates": [ 39.390181, 5.55281 ] } },
{ "type": "Feature", "properties": { "marketLat": 5.775931, "marketLon": 39.308717 }, "geometry": { "type": "Point", "coordinates": [ 39.308717, 5.775931 ] } },
{ "type": "Feature", "properties": { "marketLat": 5.771851, "marketLon": 36.567986 }, "geometry": { "type": "Point", "coordinates": [ 36.567986, 5.771851 ] } },
{ "type": "Feature", "properties": { "marketLat": 5.904585, "marketLon": 36.576334 }, "geometry": { "type": "Point", "coordinates": [ 36.576334, 5.904585 ] } },
{ "type": "Feature", "properties": { "marketLat": 5.982917, "marketLon": 36.577246 }, "geometry": { "type": "Point", "coordinates": [ 36.577246, 5.982917 ] } },
{ "type": "Feature", "properties": { "marketLat": 6.193109, "marketLon": 37.574751 }, "geometry": { "type": "Point", "coordinates": [ 37.574751, 6.193109 ] } },
{ "type": "Feature", "properties": { "marketLat": 6.317227, "marketLon": 38.255599 }, "geometry": { "type": "Point", "coordinates": [ 38.255599, 6.317227 ] } },
{ "type": "Feature", "properties": { "marketLat": 6.350928, "marketLon": 37.599034 }, "geometry": { "type": "Point", "coordinates": [ 37.599034, 6.350928 ] } },
{ "type": "Feature", "properties": { "marketLat": 6.411552, "marketLon": 39.852 }, "geometry": { "type": "Point", "coordinates": [ 39.852, 6.411552 ] } },
{ "type": "Feature", "properties": { "marketLat": 6.523385, "marketLon": 38.831288 }, "geometry": { "type": "Point", "coordinates": [ 38.831288, 6.523385 ] } },
{ "type": "Feature", "properties": { "marketLat": 6.528702, "marketLon": 38.712653 }, "geometry": { "type": "Point", "coordinates": [ 38.712653, 6.528702 ] } },
{ "type": "Feature", "properties": { "marketLat": 6.591361, "marketLon": 38.599695 }, "geometry": { "type": "Point", "coordinates": [ 38.599695, 6.591361 ] } },
{ "type": "Feature", "properties": { "marketLat": 6.608561, "marketLon": 38.419677 }, "geometry": { "type": "Point", "coordinates": [ 38.419677, 6.608561 ] } },
{ "type": "Feature", "properties": { "marketLat": 6.68809, "marketLon": 38.71571 }, "geometry": { "type": "Point", "coordinates": [ 38.71571, 6.68809 ] } },
{ "type": "Feature", "properties": { "marketLat": 6.725125, "marketLon": 37.555673 }, "geometry": { "type": "Point", "coordinates": [ 37.555673, 6.725125 ] } },
{ "type": "Feature", "properties": { "marketLat": 6.80474, "marketLon": 38.608496 }, "geometry": { "type": "Point", "coordinates": [ 38.608496, 6.80474 ] } },
{ "type": "Feature", "properties": { "marketLat": 6.87703, "marketLon": 38.583099 }, "geometry": { "type": "Point", "coordinates": [ 38.583099, 6.87703 ] } },
{ "type": "Feature", "properties": { "marketLat": 6.89765, "marketLon": 41.122288 }, "geometry": { "type": "Point", "coordinates": [ 41.122288, 6.89765 ] } },
{ "type": "Feature", "properties": { "marketLat": 6.902016, "marketLon": 40.844438 }, "geometry": { "type": "Point", "coordinates": [ 40.844438, 6.902016 ] } },
{ "type": "Feature", "properties": { "marketLat": 6.917082, "marketLon": 37.534589 }, "geometry": { "type": "Point", "coordinates": [ 37.534589, 6.917082 ] } },
{ "type": "Feature", "properties": { "marketLat": 6.941556, "marketLon": 38.565587 }, "geometry": { "type": "Point", "coordinates": [ 38.565587, 6.941556 ] } },
{ "type": "Feature", "properties": { "marketLat": 6.950282, "marketLon": 40.619557 }, "geometry": { "type": "Point", "coordinates": [ 40.619557, 6.950282 ] } },
{ "type": "Feature", "properties": { "marketLat": 6.959626, "marketLon": 38.47747 }, "geometry": { "type": "Point", "coordinates": [ 38.47747, 6.959626 ] } },
{ "type": "Feature", "properties": { "marketLat": 6.986712, "marketLon": 39.178893 }, "geometry": { "type": "Point", "coordinates": [ 39.178893, 6.986712 ] } },
{ "type": "Feature", "properties": { "marketLat": 6.990933, "marketLon": 40.48074 }, "geometry": { "type": "Point", "coordinates": [ 40.48074, 6.990933 ] } },
{ "type": "Feature", "properties": { "marketLat": 7.009126, "marketLon": 39.388344 }, "geometry": { "type": "Point", "coordinates": [ 39.388344, 7.009126 ] } },
{ "type": "Feature", "properties": { "marketLat": 7.010121, "marketLon": 37.270599 }, "geometry": { "type": "Point", "coordinates": [ 37.270599, 7.010121 ] } },
{ "type": "Feature", "properties": { "marketLat": 7.013989, "marketLon": 39.975738 }, "geometry": { "type": "Point", "coordinates": [ 39.975738, 7.013989 ] } },
{ "type": "Feature", "properties": { "marketLat": 7.020425, "marketLon": 40.365134 }, "geometry": { "type": "Point", "coordinates": [ 40.365134, 7.020425 ] } },
{ "type": "Feature", "properties": { "marketLat": 7.024973, "marketLon": 40.838301 }, "geometry": { "type": "Point", "coordinates": [ 40.838301, 7.024973 ] } },
{ "type": "Feature", "properties": { "marketLat": 7.031608, "marketLon": 40.224156 }, "geometry": { "type": "Point", "coordinates": [ 40.224156, 7.031608 ] } },
{ "type": "Feature", "properties": { "marketLat": 7.075416, "marketLon": 38.781135 }, "geometry": { "type": "Point", "coordinates": [ 38.781135, 7.075416 ] } },
{ "type": "Feature", "properties": { "marketLat": 7.109261, "marketLon": 39.78051 }, "geometry": { "type": "Point", "coordinates": [ 39.78051, 7.109261 ] } },
{ "type": "Feature", "properties": { "marketLat": 7.106982, "marketLon": 40.006426 }, "geometry": { "type": "Point", "coordinates": [ 40.006426, 7.106982 ] } },
{ "type": "Feature", "properties": { "marketLat": 7.124663, "marketLon": 40.164767 }, "geometry": { "type": "Point", "coordinates": [ 40.164767, 7.124663 ] } },
{ "type": "Feature", "properties": { "marketLat": 7.1338, "marketLon": 40.713727 }, "geometry": { "type": "Point", "coordinates": [ 40.713727, 7.1338 ] } },
{ "type": "Feature", "properties": { "marketLat": 7.136691, "marketLon": 37.951495 }, "geometry": { "type": "Point", "coordinates": [ 37.951495, 7.136691 ] } },
{ "type": "Feature", "properties": { "marketLat": 7.16291, "marketLon": 36.788091 }, "geometry": { "type": "Point", "coordinates": [ 36.788091, 7.16291 ] } },
{ "type": "Feature", "properties": { "marketLat": 7.207083, "marketLon": 37.77502 }, "geometry": { "type": "Point", "coordinates": [ 37.77502, 7.207083 ] } },
{ "type": "Feature", "properties": { "marketLat": 7.237249, "marketLon": 35.632714 }, "geometry": { "type": "Point", "coordinates": [ 35.632714, 7.237249 ] } },
{ "type": "Feature", "properties": { "marketLat": 7.241865, "marketLon": 39.926758 }, "geometry": { "type": "Point", "coordinates": [ 39.926758, 7.241865 ] } },
{ "type": "Feature", "properties": { "marketLat": 7.255819, "marketLon": 40.467971 }, "geometry": { "type": "Point", "coordinates": [ 40.467971, 7.255819 ] } },
{ "type": "Feature", "properties": { "marketLat": 7.278248, "marketLon": 35.772491 }, "geometry": { "type": "Point", "coordinates": [ 35.772491, 7.278248 ] } },
{ "type": "Feature", "properties": { "marketLat": 7.279664, "marketLon": 40.674203 }, "geometry": { "type": "Point", "coordinates": [ 40.674203, 7.279664 ] } },
{ "type": "Feature", "properties": { "marketLat": 7.288971, "marketLon": 36.575153 }, "geometry": { "type": "Point", "coordinates": [ 36.575153, 7.288971 ] } },
{ "type": "Feature", "properties": { "marketLat": 7.29945, "marketLon": 38.355926 }, "geometry": { "type": "Point", "coordinates": [ 38.355926, 7.29945 ] } },
{ "type": "Feature", "properties": { "marketLat": 7.299231, "marketLon": 36.146523 }, "geometry": { "type": "Point", "coordinates": [ 36.146523, 7.299231 ] } },
{ "type": "Feature", "properties": { "marketLat": 7.321126, "marketLon": 36.023706 }, "geometry": { "type": "Point", "coordinates": [ 36.023706, 7.321126 ] } },
{ "type": "Feature", "properties": { "marketLat": 7.363588, "marketLon": 40.499752 }, "geometry": { "type": "Point", "coordinates": [ 40.499752, 7.363588 ] } },
{ "type": "Feature", "properties": { "marketLat": 7.368549, "marketLon": 40.195896 }, "geometry": { "type": "Point", "coordinates": [ 40.195896, 7.368549 ] } },
{ "type": "Feature", "properties": { "marketLat": 7.381355, "marketLon": 36.287162 }, "geometry": { "type": "Point", "coordinates": [ 36.287162, 7.381355 ] } },
{ "type": "Feature", "properties": { "marketLat": 7.381555, "marketLon": 40.008561 }, "geometry": { "type": "Point", "coordinates": [ 40.008561, 7.381555 ] } },
{ "type": "Feature", "properties": { "marketLat": 7.41474, "marketLon": 36.372883 }, "geometry": { "type": "Point", "coordinates": [ 36.372883, 7.41474 ] } },
{ "type": "Feature", "properties": { "marketLat": 7.482498, "marketLon": 37.061283 }, "geometry": { "type": "Point", "coordinates": [ 37.061283, 7.482498 ] } },
{ "type": "Feature", "properties": { "marketLat": 7.482496, "marketLon": 36.149067 }, "geometry": { "type": "Point", "coordinates": [ 36.149067, 7.482496 ] } },
{ "type": "Feature", "properties": { "marketLat": 7.491171, "marketLon": 36.993595 }, "geometry": { "type": "Point", "coordinates": [ 36.993595, 7.491171 ] } },
{ "type": "Feature", "properties": { "marketLat": 7.505352, "marketLon": 36.506869 }, "geometry": { "type": "Point", "coordinates": [ 36.506869, 7.505352 ] } },
{ "type": "Feature", "properties": { "marketLat": 7.510916, "marketLon": 36.875117 }, "geometry": { "type": "Point", "coordinates": [ 36.875117, 7.510916 ] } },
{ "type": "Feature", "properties": { "marketLat": 7.529982, "marketLon": 39.252053 }, "geometry": { "type": "Point", "coordinates": [ 39.252053, 7.529982 ] } },
{ "type": "Feature", "properties": { "marketLat": 7.545196, "marketLon": 37.857367 }, "geometry": { "type": "Point", "coordinates": [ 37.857367, 7.545196 ] } },
{ "type": "Feature", "properties": { "marketLat": 7.550362, "marketLon": 37.066465 }, "geometry": { "type": "Point", "coordinates": [ 37.066465, 7.550362 ] } },
{ "type": "Feature", "properties": { "marketLat": 7.592316, "marketLon": 35.754314 }, "geometry": { "type": "Point", "coordinates": [ 35.754314, 7.592316 ] } },
{ "type": "Feature", "properties": { "marketLat": 7.603591, "marketLon": 36.725013 }, "geometry": { "type": "Point", "coordinates": [ 36.725013, 7.603591 ] } },
{ "type": "Feature", "properties": { "marketLat": 7.620947, "marketLon": 39.495152 }, "geometry": { "type": "Point", "coordinates": [ 39.495152, 7.620947 ] } },
{ "type": "Feature", "properties": { "marketLat": 7.626561, "marketLon": 37.13887 }, "geometry": { "type": "Point", "coordinates": [ 37.13887, 7.626561 ] } },
{ "type": "Feature", "properties": { "marketLat": 7.634297, "marketLon": 39.816709 }, "geometry": { "type": "Point", "coordinates": [ 39.816709, 7.634297 ] } },
{ "type": "Feature", "properties": { "marketLat": 7.730363, "marketLon": 39.997248 }, "geometry": { "type": "Point", "coordinates": [ 39.997248, 7.730363 ] } },
{ "type": "Feature", "properties": { "marketLat": 7.743794, "marketLon": 35.479843 }, "geometry": { "type": "Point", "coordinates": [ 35.479843, 7.743794 ] } },
{ "type": "Feature", "properties": { "marketLat": 7.752121, "marketLon": 39.154806 }, "geometry": { "type": "Point", "coordinates": [ 39.154806, 7.752121 ] } },
{ "type": "Feature", "properties": { "marketLat": 7.780813, "marketLon": 36.728965 }, "geometry": { "type": "Point", "coordinates": [ 36.728965, 7.780813 ] } },
{ "type": "Feature", "properties": { "marketLat": 7.795703, "marketLon": 39.905866 }, "geometry": { "type": "Point", "coordinates": [ 39.905866, 7.795703 ] } },
{ "type": "Feature", "properties": { "marketLat": 7.795477, "marketLon": 36.477332 }, "geometry": { "type": "Point", "coordinates": [ 36.477332, 7.795477 ] } },
{ "type": "Feature", "properties": { "marketLat": 7.795299, "marketLon": 36.80054 }, "geometry": { "type": "Point", "coordinates": [ 36.80054, 7.795299 ] } },
{ "type": "Feature", "properties": { "marketLat": 7.805939, "marketLon": 39.517022 }, "geometry": { "type": "Point", "coordinates": [ 39.517022, 7.805939 ] } },
{ "type": "Feature", "properties": { "marketLat": 7.822221, "marketLon": 39.787228 }, "geometry": { "type": "Point", "coordinates": [ 39.787228, 7.822221 ] } },
{ "type": "Feature", "properties": { "marketLat": 7.834761, "marketLon": 36.666969 }, "geometry": { "type": "Point", "coordinates": [ 36.666969, 7.834761 ] } },
{ "type": "Feature", "properties": { "marketLat": 7.842254, "marketLon": 37.365958 }, "geometry": { "type": "Point", "coordinates": [ 37.365958, 7.842254 ] } },
{ "type": "Feature", "properties": { "marketLat": 7.858113, "marketLon": 39.629928 }, "geometry": { "type": "Point", "coordinates": [ 39.629928, 7.858113 ] } },
{ "type": "Feature", "properties": { "marketLat": 7.860809, "marketLon": 38.705956 }, "geometry": { "type": "Point", "coordinates": [ 38.705956, 7.860809 ] } },
{ "type": "Feature", "properties": { "marketLat": 7.867196, "marketLon": 37.735986 }, "geometry": { "type": "Point", "coordinates": [ 37.735986, 7.867196 ] } },
{ "type": "Feature", "properties": { "marketLat": 7.898927, "marketLon": 36.658148 }, "geometry": { "type": "Point", "coordinates": [ 36.658148, 7.898927 ] } },
{ "type": "Feature", "properties": { "marketLat": 7.897498, "marketLon": 35.61253 }, "geometry": { "type": "Point", "coordinates": [ 35.61253, 7.897498 ] } },
{ "type": "Feature", "properties": { "marketLat": 7.901208, "marketLon": 36.492764 }, "geometry": { "type": "Point", "coordinates": [ 36.492764, 7.901208 ] } },
{ "type": "Feature", "properties": { "marketLat": 7.903913, "marketLon": 36.782772 }, "geometry": { "type": "Point", "coordinates": [ 36.782772, 7.903913 ] } },
{ "type": "Feature", "properties": { "marketLat": 7.910699, "marketLon": 36.098543 }, "geometry": { "type": "Point", "coordinates": [ 36.098543, 7.910699 ] } },
{ "type": "Feature", "properties": { "marketLat": 7.951765, "marketLon": 36.847707 }, "geometry": { "type": "Point", "coordinates": [ 36.847707, 7.951765 ] } },
{ "type": "Feature", "properties": { "marketLat": 7.979713, "marketLon": 36.899659 }, "geometry": { "type": "Point", "coordinates": [ 36.899659, 7.979713 ] } },
{ "type": "Feature", "properties": { "marketLat": 7.979329, "marketLon": 36.20937 }, "geometry": { "type": "Point", "coordinates": [ 36.20937, 7.979329 ] } },
{ "type": "Feature", "properties": { "marketLat": 7.986834, "marketLon": 39.569276 }, "geometry": { "type": "Point", "coordinates": [ 39.569276, 7.986834 ] } },
{ "type": "Feature", "properties": { "marketLat": 7.998789, "marketLon": 36.486682 }, "geometry": { "type": "Point", "coordinates": [ 36.486682, 7.998789 ] } },
{ "type": "Feature", "properties": { "marketLat": 8.011891, "marketLon": 38.52844 }, "geometry": { "type": "Point", "coordinates": [ 38.52844, 8.011891 ] } },
{ "type": "Feature", "properties": { "marketLat": 8.028212, "marketLon": 37.201782 }, "geometry": { "type": "Point", "coordinates": [ 37.201782, 8.028212 ] } },
{ "type": "Feature", "properties": { "marketLat": 8.028972, "marketLon": 37.839066 }, "geometry": { "type": "Point", "coordinates": [ 37.839066, 8.028972 ] } },
{ "type": "Feature", "properties": { "marketLat": 8.037287, "marketLon": 36.999897 }, "geometry": { "type": "Point", "coordinates": [ 36.999897, 8.037287 ] } },
{ "type": "Feature", "properties": { "marketLat": 8.047478, "marketLon": 39.011061 }, "geometry": { "type": "Point", "coordinates": [ 39.011061, 8.047478 ] } },
{ "type": "Feature", "properties": { "marketLat": 8.059676, "marketLon": 39.558186 }, "geometry": { "type": "Point", "coordinates": [ 39.558186, 8.059676 ] } },
{ "type": "Feature", "properties": { "marketLat": 8.05735, "marketLon": 38.473128 }, "geometry": { "type": "Point", "coordinates": [ 38.473128, 8.05735 ] } },
{ "type": "Feature", "properties": { "marketLat": 8.083718, "marketLon": 36.464617 }, "geometry": { "type": "Point", "coordinates": [ 36.464617, 8.083718 ] } },
{ "type": "Feature", "properties": { "marketLat": 8.088417, "marketLon": 35.667389 }, "geometry": { "type": "Point", "coordinates": [ 35.667389, 8.088417 ] } },
{ "type": "Feature", "properties": { "marketLat": 8.093147, "marketLon": 40.483959 }, "geometry": { "type": "Point", "coordinates": [ 40.483959, 8.093147 ] } },
{ "type": "Feature", "properties": { "marketLat": 8.100501, "marketLon": 36.831305 }, "geometry": { "type": "Point", "coordinates": [ 36.831305, 8.100501 ] } },
{ "type": "Feature", "properties": { "marketLat": 8.118893, "marketLon": 38.370641 }, "geometry": { "type": "Point", "coordinates": [ 38.370641, 8.118893 ] } },
{ "type": "Feature", "properties": { "marketLat": 8.131922, "marketLon": 39.227894 }, "geometry": { "type": "Point", "coordinates": [ 39.227894, 8.131922 ] } },
{ "type": "Feature", "properties": { "marketLat": 8.13867, "marketLon": 38.010525 }, "geometry": { "type": "Point", "coordinates": [ 38.010525, 8.13867 ] } },
{ "type": "Feature", "properties": { "marketLat": 8.144686, "marketLon": 36.995644 }, "geometry": { "type": "Point", "coordinates": [ 36.995644, 8.144686 ] } },
{ "type": "Feature", "properties": { "marketLat": 8.15223, "marketLon": 39.360648 }, "geometry": { "type": "Point", "coordinates": [ 39.360648, 8.15223 ] } },
{ "type": "Feature", "properties": { "marketLat": 8.15084, "marketLon": 35.538792 }, "geometry": { "type": "Point", "coordinates": [ 35.538792, 8.15084 ] } },
{ "type": "Feature", "properties": { "marketLat": 8.17428, "marketLon": 36.458242 }, "geometry": { "type": "Point", "coordinates": [ 36.458242, 8.17428 ] } },
{ "type": "Feature", "properties": { "marketLat": 8.207707, "marketLon": 35.684062 }, "geometry": { "type": "Point", "coordinates": [ 35.684062, 8.207707 ] } },
{ "type": "Feature", "properties": { "marketLat": 8.250508, "marketLon": 36.607284 }, "geometry": { "type": "Point", "coordinates": [ 36.607284, 8.250508 ] } },
{ "type": "Feature", "properties": { "marketLat": 8.240205, "marketLon": 35.24089 }, "geometry": { "type": "Point", "coordinates": [ 35.24089, 8.240205 ] } },
{ "type": "Feature", "properties": { "marketLat": 8.282064, "marketLon": 39.85177 }, "geometry": { "type": "Point", "coordinates": [ 39.85177, 8.282064 ] } },
{ "type": "Feature", "properties": { "marketLat": 8.313897, "marketLon": 37.959725 }, "geometry": { "type": "Point", "coordinates": [ 37.959725, 8.313897 ] } },
{ "type": "Feature", "properties": { "marketLat": 8.337432, "marketLon": 36.420169 }, "geometry": { "type": "Point", "coordinates": [ 36.420169, 8.337432 ] } },
{ "type": "Feature", "properties": { "marketLat": 8.363451, "marketLon": 36.120332 }, "geometry": { "type": "Point", "coordinates": [ 36.120332, 8.363451 ] } },
{ "type": "Feature", "properties": { "marketLat": 8.367786, "marketLon": 37.33743 }, "geometry": { "type": "Point", "coordinates": [ 37.33743, 8.367786 ] } },
{ "type": "Feature", "properties": { "marketLat": 8.375593, "marketLon": 39.908553 }, "geometry": { "type": "Point", "coordinates": [ 39.908553, 8.375593 ] } },
{ "type": "Feature", "properties": { "marketLat": 8.392257, "marketLon": 37.349133 }, "geometry": { "type": "Point", "coordinates": [ 37.349133, 8.392257 ] } },
{ "type": "Feature", "properties": { "marketLat": 8.395271, "marketLon": 40.392337 }, "geometry": { "type": "Point", "coordinates": [ 40.392337, 8.395271 ] } },
{ "type": "Feature", "properties": { "marketLat": 8.400521, "marketLon": 37.86634 }, "geometry": { "type": "Point", "coordinates": [ 37.86634, 8.400521 ] } },
{ "type": "Feature", "properties": { "marketLat": 8.404522, "marketLon": 38.61814 }, "geometry": { "type": "Point", "coordinates": [ 38.61814, 8.404522 ] } },
{ "type": "Feature", "properties": { "marketLat": 8.409956, "marketLon": 39.338992 }, "geometry": { "type": "Point", "coordinates": [ 39.338992, 8.409956 ] } },
{ "type": "Feature", "properties": { "marketLat": 8.42258, "marketLon": 37.520763 }, "geometry": { "type": "Point", "coordinates": [ 37.520763, 8.42258 ] } },
{ "type": "Feature", "properties": { "marketLat": 8.435123, "marketLon": 38.610127 }, "geometry": { "type": "Point", "coordinates": [ 38.610127, 8.435123 ] } },
{ "type": "Feature", "properties": { "marketLat": 8.444737, "marketLon": 37.412676 }, "geometry": { "type": "Point", "coordinates": [ 37.412676, 8.444737 ] } },
{ "type": "Feature", "properties": { "marketLat": 8.442248, "marketLon": 36.854564 }, "geometry": { "type": "Point", "coordinates": [ 36.854564, 8.442248 ] } },
{ "type": "Feature", "properties": { "marketLat": 8.464936, "marketLon": 39.451749 }, "geometry": { "type": "Point", "coordinates": [ 39.451749, 8.464936 ] } },
{ "type": "Feature", "properties": { "marketLat": 8.468829, "marketLon": 38.252536 }, "geometry": { "type": "Point", "coordinates": [ 38.252536, 8.468829 ] } },
{ "type": "Feature", "properties": { "marketLat": 8.489276, "marketLon": 39.827981 }, "geometry": { "type": "Point", "coordinates": [ 39.827981, 8.489276 ] } },
{ "type": "Feature", "properties": { "marketLat": 8.507533, "marketLon": 37.60868 }, "geometry": { "type": "Point", "coordinates": [ 37.60868, 8.507533 ] } },
{ "type": "Feature", "properties": { "marketLat": 8.519974, "marketLon": 35.659334 }, "geometry": { "type": "Point", "coordinates": [ 35.659334, 8.519974 ] } },
{ "type": "Feature", "properties": { "marketLat": 8.52773, "marketLon": 40.485477 }, "geometry": { "type": "Point", "coordinates": [ 40.485477, 8.52773 ] } },
{ "type": "Feature", "properties": { "marketLat": 8.535754, "marketLon": 37.430544 }, "geometry": { "type": "Point", "coordinates": [ 37.430544, 8.535754 ] } },
{ "type": "Feature", "properties": { "marketLat": 8.544623, "marketLon": 39.65191 }, "geometry": { "type": "Point", "coordinates": [ 39.65191, 8.544623 ] } },
{ "type": "Feature", "properties": { "marketLat": 8.567365, "marketLon": 40.319356 }, "geometry": { "type": "Point", "coordinates": [ 40.319356, 8.567365 ] } },
{ "type": "Feature", "properties": { "marketLat": 8.581887, "marketLon": 36.111848 }, "geometry": { "type": "Point", "coordinates": [ 36.111848, 8.581887 ] } },
{ "type": "Feature", "properties": { "marketLat": 8.58257, "marketLon": 37.11214 }, "geometry": { "type": "Point", "coordinates": [ 37.11214, 8.58257 ] } },
{ "type": "Feature", "properties": { "marketLat": 8.593977, "marketLon": 35.735768 }, "geometry": { "type": "Point", "coordinates": [ 35.735768, 8.593977 ] } },
{ "type": "Feature", "properties": { "marketLat": 8.597914, "marketLon": 37.758121 }, "geometry": { "type": "Point", "coordinates": [ 37.758121, 8.597914 ] } },
{ "type": "Feature", "properties": { "marketLat": 8.599833, "marketLon": 40.324818 }, "geometry": { "type": "Point", "coordinates": [ 40.324818, 8.599833 ] } },
{ "type": "Feature", "properties": { "marketLat": 8.608821, "marketLon": 37.920952 }, "geometry": { "type": "Point", "coordinates": [ 37.920952, 8.608821 ] } },
{ "type": "Feature", "properties": { "marketLat": 8.626672, "marketLon": 37.294225 }, "geometry": { "type": "Point", "coordinates": [ 37.294225, 8.626672 ] } },
{ "type": "Feature", "properties": { "marketLat": 8.653569, "marketLon": 39.753981 }, "geometry": { "type": "Point", "coordinates": [ 39.753981, 8.653569 ] } },
{ "type": "Feature", "properties": { "marketLat": 8.687679, "marketLon": 34.883519 }, "geometry": { "type": "Point", "coordinates": [ 34.883519, 8.687679 ] } },
{ "type": "Feature", "properties": { "marketLat": 8.710096, "marketLon": 40.413779 }, "geometry": { "type": "Point", "coordinates": [ 40.413779, 8.710096 ] } },
{ "type": "Feature", "properties": { "marketLat": 8.722109, "marketLon": 40.642241 }, "geometry": { "type": "Point", "coordinates": [ 40.642241, 8.722109 ] } },
{ "type": "Feature", "properties": { "marketLat": 8.727941, "marketLon": 37.106934 }, "geometry": { "type": "Point", "coordinates": [ 37.106934, 8.727941 ] } },
{ "type": "Feature", "properties": { "marketLat": 8.728722, "marketLon": 37.472418 }, "geometry": { "type": "Point", "coordinates": [ 37.472418, 8.728722 ] } },
{ "type": "Feature", "properties": { "marketLat": 8.735181, "marketLon": 40.436212 }, "geometry": { "type": "Point", "coordinates": [ 40.436212, 8.735181 ] } },
{ "type": "Feature", "properties": { "marketLat": 8.736964, "marketLon": 34.995828 }, "geometry": { "type": "Point", "coordinates": [ 34.995828, 8.736964 ] } },
{ "type": "Feature", "properties": { "marketLat": 8.752052, "marketLon": 36.496737 }, "geometry": { "type": "Point", "coordinates": [ 36.496737, 8.752052 ] } },
{ "type": "Feature", "properties": { "marketLat": 8.762509, "marketLon": 36.637383 }, "geometry": { "type": "Point", "coordinates": [ 36.637383, 8.762509 ] } },
{ "type": "Feature", "properties": { "marketLat": 8.76758, "marketLon": 36.758723 }, "geometry": { "type": "Point", "coordinates": [ 36.758723, 8.76758 ] } },
{ "type": "Feature", "properties": { "marketLat": 8.777226, "marketLon": 38.144192 }, "geometry": { "type": "Point", "coordinates": [ 38.144192, 8.777226 ] } },
{ "type": "Feature", "properties": { "marketLat": 8.78322, "marketLon": 39.262079 }, "geometry": { "type": "Point", "coordinates": [ 39.262079, 8.78322 ] } },
{ "type": "Feature", "properties": { "marketLat": 8.789118, "marketLon": 35.711743 }, "geometry": { "type": "Point", "coordinates": [ 35.711743, 8.789118 ] } },
{ "type": "Feature", "properties": { "marketLat": 8.789926, "marketLon": 38.332726 }, "geometry": { "type": "Point", "coordinates": [ 38.332726, 8.789926 ] } },
{ "type": "Feature", "properties": { "marketLat": 8.815647, "marketLon": 40.521511 }, "geometry": { "type": "Point", "coordinates": [ 40.521511, 8.815647 ] } },
{ "type": "Feature", "properties": { "marketLat": 8.819163, "marketLon": 37.657775 }, "geometry": { "type": "Point", "coordinates": [ 37.657775, 8.819163 ] } },
{ "type": "Feature", "properties": { "marketLat": 8.820511, "marketLon": 41.56595 }, "geometry": { "type": "Point", "coordinates": [ 41.56595, 8.820511 ] } },
{ "type": "Feature", "properties": { "marketLat": 8.838009, "marketLon": 39.365253 }, "geometry": { "type": "Point", "coordinates": [ 39.365253, 8.838009 ] } },
{ "type": "Feature", "properties": { "marketLat": 8.845184, "marketLon": 35.79914 }, "geometry": { "type": "Point", "coordinates": [ 35.79914, 8.845184 ] } },
{ "type": "Feature", "properties": { "marketLat": 8.850036, "marketLon": 35.651854 }, "geometry": { "type": "Point", "coordinates": [ 35.651854, 8.850036 ] } },
{ "type": "Feature", "properties": { "marketLat": 8.859835, "marketLon": 35.074241 }, "geometry": { "type": "Point", "coordinates": [ 35.074241, 8.859835 ] } },
{ "type": "Feature", "properties": { "marketLat": 8.874141, "marketLon": 37.372169 }, "geometry": { "type": "Point", "coordinates": [ 37.372169, 8.874141 ] } },
{ "type": "Feature", "properties": { "marketLat": 8.904373, "marketLon": 35.227559 }, "geometry": { "type": "Point", "coordinates": [ 35.227559, 8.904373 ] } },
{ "type": "Feature", "properties": { "marketLat": 8.928641, "marketLon": 35.052063 }, "geometry": { "type": "Point", "coordinates": [ 35.052063, 8.928641 ] } },
{ "type": "Feature", "properties": { "marketLat": 8.93025, "marketLon": 39.429193 }, "geometry": { "type": "Point", "coordinates": [ 39.429193, 8.93025 ] } },
{ "type": "Feature", "properties": { "marketLat": 8.948556, "marketLon": 41.554526 }, "geometry": { "type": "Point", "coordinates": [ 41.554526, 8.948556 ] } },
{ "type": "Feature", "properties": { "marketLat": 8.968605, "marketLon": 37.540991 }, "geometry": { "type": "Point", "coordinates": [ 37.540991, 8.968605 ] } },
{ "type": "Feature", "properties": { "marketLat": 8.967381, "marketLon": 39.126396 }, "geometry": { "type": "Point", "coordinates": [ 39.126396, 8.967381 ] } },
{ "type": "Feature", "properties": { "marketLat": 8.97261, "marketLon": 37.761804 }, "geometry": { "type": "Point", "coordinates": [ 37.761804, 8.97261 ] } },
{ "type": "Feature", "properties": { "marketLat": 8.977689, "marketLon": 34.9745 }, "geometry": { "type": "Point", "coordinates": [ 34.9745, 8.977689 ] } },
{ "type": "Feature", "properties": { "marketLat": 8.992192, "marketLon": 40.164378 }, "geometry": { "type": "Point", "coordinates": [ 40.164378, 8.992192 ] } },
{ "type": "Feature", "properties": { "marketLat": 8.989082, "marketLon": 35.82304 }, "geometry": { "type": "Point", "coordinates": [ 35.82304, 8.989082 ] } },
{ "type": "Feature", "properties": { "marketLat": 8.996391, "marketLon": 37.328378 }, "geometry": { "type": "Point", "coordinates": [ 37.328378, 8.996391 ] } },
{ "type": "Feature", "properties": { "marketLat": 9.005807, "marketLon": 38.250836 }, "geometry": { "type": "Point", "coordinates": [ 38.250836, 9.005807 ] } },
{ "type": "Feature", "properties": { "marketLat": 9.011453, "marketLon": 38.297353 }, "geometry": { "type": "Point", "coordinates": [ 38.297353, 9.011453 ] } },
{ "type": "Feature", "properties": { "marketLat": 9.029489, "marketLon": 36.671945 }, "geometry": { "type": "Point", "coordinates": [ 36.671945, 9.029489 ] } },
{ "type": "Feature", "properties": { "marketLat": 9.0348, "marketLon": 36.873032 }, "geometry": { "type": "Point", "coordinates": [ 36.873032, 9.0348 ] } },
{ "type": "Feature", "properties": { "marketLat": 9.048812, "marketLon": 38.39738 }, "geometry": { "type": "Point", "coordinates": [ 38.39738, 9.048812 ] } },
{ "type": "Feature", "properties": { "marketLat": 9.057295, "marketLon": 34.832043 }, "geometry": { "type": "Point", "coordinates": [ 34.832043, 9.057295 ] } },
{ "type": "Feature", "properties": { "marketLat": 9.061306, "marketLon": 38.490563 }, "geometry": { "type": "Point", "coordinates": [ 38.490563, 9.061306 ] } },
{ "type": "Feature", "properties": { "marketLat": 9.073435, "marketLon": 40.871764 }, "geometry": { "type": "Point", "coordinates": [ 40.871764, 9.073435 ] } },
{ "type": "Feature", "properties": { "marketLat": 9.079852, "marketLon": 41.174104 }, "geometry": { "type": "Point", "coordinates": [ 41.174104, 9.079852 ] } },
{ "type": "Feature", "properties": { "marketLat": 9.089123, "marketLon": 35.903059 }, "geometry": { "type": "Point", "coordinates": [ 35.903059, 9.089123 ] } },
{ "type": "Feature", "properties": { "marketLat": 9.092959, "marketLon": 36.958194 }, "geometry": { "type": "Point", "coordinates": [ 36.958194, 9.092959 ] } },
{ "type": "Feature", "properties": { "marketLat": 9.111924, "marketLon": 41.635705 }, "geometry": { "type": "Point", "coordinates": [ 41.635705, 9.111924 ] } },
{ "type": "Feature", "properties": { "marketLat": 9.125815, "marketLon": 37.059218 }, "geometry": { "type": "Point", "coordinates": [ 37.059218, 9.125815 ] } },
{ "type": "Feature", "properties": { "marketLat": 9.138295, "marketLon": 41.835843 }, "geometry": { "type": "Point", "coordinates": [ 41.835843, 9.138295 ] } },
{ "type": "Feature", "properties": { "marketLat": 9.164481, "marketLon": 35.467698 }, "geometry": { "type": "Point", "coordinates": [ 35.467698, 9.164481 ] } },
{ "type": "Feature", "properties": { "marketLat": 9.167258, "marketLon": 35.68664 }, "geometry": { "type": "Point", "coordinates": [ 35.68664, 9.167258 ] } },
{ "type": "Feature", "properties": { "marketLat": 9.216743, "marketLon": 37.067819 }, "geometry": { "type": "Point", "coordinates": [ 37.067819, 9.216743 ] } },
{ "type": "Feature", "properties": { "marketLat": 9.222014, "marketLon": 41.097062 }, "geometry": { "type": "Point", "coordinates": [ 41.097062, 9.222014 ] } },
{ "type": "Feature", "properties": { "marketLat": 9.229053, "marketLon": 41.691391 }, "geometry": { "type": "Point", "coordinates": [ 41.691391, 9.229053 ] } },
{ "type": "Feature", "properties": { "marketLat": 9.233015, "marketLon": 37.363355 }, "geometry": { "type": "Point", "coordinates": [ 37.363355, 9.233015 ] } },
{ "type": "Feature", "properties": { "marketLat": 9.268614, "marketLon": 38.08588 }, "geometry": { "type": "Point", "coordinates": [ 38.08588, 9.268614 ] } },
{ "type": "Feature", "properties": { "marketLat": 9.268076, "marketLon": 38.271908 }, "geometry": { "type": "Point", "coordinates": [ 38.271908, 9.268076 ] } },
{ "type": "Feature", "properties": { "marketLat": 9.311319, "marketLon": 38.753584 }, "geometry": { "type": "Point", "coordinates": [ 38.753584, 9.311319 ] } },
{ "type": "Feature", "properties": { "marketLat": 9.316832, "marketLon": 38.267546 }, "geometry": { "type": "Point", "coordinates": [ 38.267546, 9.316832 ] } },
{ "type": "Feature", "properties": { "marketLat": 9.314351, "marketLon": 38.380757 }, "geometry": { "type": "Point", "coordinates": [ 38.380757, 9.314351 ] } },
{ "type": "Feature", "properties": { "marketLat": 9.336425, "marketLon": 39.574799 }, "geometry": { "type": "Point", "coordinates": [ 39.574799, 9.336425 ] } },
{ "type": "Feature", "properties": { "marketLat": 9.349687, "marketLon": 34.532854 }, "geometry": { "type": "Point", "coordinates": [ 34.532854, 9.349687 ] } },
{ "type": "Feature", "properties": { "marketLat": 9.367653, "marketLon": 35.592551 }, "geometry": { "type": "Point", "coordinates": [ 35.592551, 9.367653 ] } },
{ "type": "Feature", "properties": { "marketLat": 9.375136, "marketLon": 36.529067 }, "geometry": { "type": "Point", "coordinates": [ 36.529067, 9.375136 ] } },
{ "type": "Feature", "properties": { "marketLat": 9.380756, "marketLon": 38.02536 }, "geometry": { "type": "Point", "coordinates": [ 38.02536, 9.380756 ] } },
{ "type": "Feature", "properties": { "marketLat": 9.383549, "marketLon": 39.39604 }, "geometry": { "type": "Point", "coordinates": [ 39.39604, 9.383549 ] } },
{ "type": "Feature", "properties": { "marketLat": 9.393609, "marketLon": 38.834038 }, "geometry": { "type": "Point", "coordinates": [ 38.834038, 9.393609 ] } },
{ "type": "Feature", "properties": { "marketLat": 9.405128, "marketLon": 39.130505 }, "geometry": { "type": "Point", "coordinates": [ 39.130505, 9.405128 ] } },
{ "type": "Feature", "properties": { "marketLat": 9.415004, "marketLon": 38.278492 }, "geometry": { "type": "Point", "coordinates": [ 38.278492, 9.415004 ] } },
{ "type": "Feature", "properties": { "marketLat": 9.425473, "marketLon": 41.686038 }, "geometry": { "type": "Point", "coordinates": [ 41.686038, 9.425473 ] } },
{ "type": "Feature", "properties": { "marketLat": 9.44252, "marketLon": 38.343526 }, "geometry": { "type": "Point", "coordinates": [ 38.343526, 9.44252 ] } },
{ "type": "Feature", "properties": { "marketLat": 9.462083, "marketLon": 38.881657 }, "geometry": { "type": "Point", "coordinates": [ 38.881657, 9.462083 ] } },
{ "type": "Feature", "properties": { "marketLat": 9.473485, "marketLon": 35.195227 }, "geometry": { "type": "Point", "coordinates": [ 35.195227, 9.473485 ] } },
{ "type": "Feature", "properties": { "marketLat": 9.497435, "marketLon": 34.896664 }, "geometry": { "type": "Point", "coordinates": [ 34.896664, 9.497435 ] } },
{ "type": "Feature", "properties": { "marketLat": 9.50379, "marketLon": 35.863754 }, "geometry": { "type": "Point", "coordinates": [ 35.863754, 9.50379 ] } },
{ "type": "Feature", "properties": { "marketLat": 9.506779, "marketLon": 35.500726 }, "geometry": { "type": "Point", "coordinates": [ 35.500726, 9.506779 ] } },
{ "type": "Feature", "properties": { "marketLat": 9.510765, "marketLon": 39.076614 }, "geometry": { "type": "Point", "coordinates": [ 39.076614, 9.510765 ] } },
{ "type": "Feature", "properties": { "marketLat": 9.509463, "marketLon": 38.19855 }, "geometry": { "type": "Point", "coordinates": [ 38.19855, 9.509463 ] } },
{ "type": "Feature", "properties": { "marketLat": 9.530309, "marketLon": 39.45786 }, "geometry": { "type": "Point", "coordinates": [ 39.45786, 9.530309 ] } },
{ "type": "Feature", "properties": { "marketLat": 9.546472, "marketLon": 38.870054 }, "geometry": { "type": "Point", "coordinates": [ 38.870054, 9.546472 ] } },
{ "type": "Feature", "properties": { "marketLat": 9.568899, "marketLon": 37.106346 }, "geometry": { "type": "Point", "coordinates": [ 37.106346, 9.568899 ] } },
{ "type": "Feature", "properties": { "marketLat": 9.562813, "marketLon": 37.359379 }, "geometry": { "type": "Point", "coordinates": [ 37.359379, 9.562813 ] } },
{ "type": "Feature", "properties": { "marketLat": 9.599523, "marketLon": 35.371087 }, "geometry": { "type": "Point", "coordinates": [ 35.371087, 9.599523 ] } },
{ "type": "Feature", "properties": { "marketLat": 9.60095, "marketLon": 38.276357 }, "geometry": { "type": "Point", "coordinates": [ 38.276357, 9.60095 ] } },
{ "type": "Feature", "properties": { "marketLat": 9.615807, "marketLon": 38.58705 }, "geometry": { "type": "Point", "coordinates": [ 38.58705, 9.615807 ] } },
{ "type": "Feature", "properties": { "marketLat": 9.623674, "marketLon": 38.643457 }, "geometry": { "type": "Point", "coordinates": [ 38.643457, 9.623674 ] } },
{ "type": "Feature", "properties": { "marketLat": 9.629937, "marketLon": 38.830805 }, "geometry": { "type": "Point", "coordinates": [ 38.830805, 9.629937 ] } },
{ "type": "Feature", "properties": { "marketLat": 9.640291, "marketLon": 39.202397 }, "geometry": { "type": "Point", "coordinates": [ 39.202397, 9.640291 ] } },
{ "type": "Feature", "properties": { "marketLat": 9.647848, "marketLon": 37.764669 }, "geometry": { "type": "Point", "coordinates": [ 37.764669, 9.647848 ] } },
{ "type": "Feature", "properties": { "marketLat": 9.656915, "marketLon": 39.318989 }, "geometry": { "type": "Point", "coordinates": [ 39.318989, 9.656915 ] } },
{ "type": "Feature", "properties": { "marketLat": 9.671273, "marketLon": 37.322659 }, "geometry": { "type": "Point", "coordinates": [ 37.322659, 9.671273 ] } },
{ "type": "Feature", "properties": { "marketLat": 9.674397, "marketLon": 39.02525 }, "geometry": { "type": "Point", "coordinates": [ 39.02525, 9.674397 ] } },
{ "type": "Feature", "properties": { "marketLat": 9.79638, "marketLon": 35.102141 }, "geometry": { "type": "Point", "coordinates": [ 35.102141, 9.79638 ] } },
{ "type": "Feature", "properties": { "marketLat": 9.809006, "marketLon": 38.411552 }, "geometry": { "type": "Point", "coordinates": [ 38.411552, 9.809006 ] } },
{ "type": "Feature", "properties": { "marketLat": 9.811975, "marketLon": 38.633121 }, "geometry": { "type": "Point", "coordinates": [ 38.633121, 9.811975 ] } },
{ "type": "Feature", "properties": { "marketLat": 9.848501, "marketLon": 39.763874 }, "geometry": { "type": "Point", "coordinates": [ 39.763874, 9.848501 ] } },
{ "type": "Feature", "properties": { "marketLat": 9.877632, "marketLon": 36.619878 }, "geometry": { "type": "Point", "coordinates": [ 36.619878, 9.877632 ] } },
{ "type": "Feature", "properties": { "marketLat": 9.882781, "marketLon": 39.82334 }, "geometry": { "type": "Point", "coordinates": [ 39.82334, 9.882781 ] } },
{ "type": "Feature", "properties": { "marketLat": 9.891914, "marketLon": 39.145057 }, "geometry": { "type": "Point", "coordinates": [ 39.145057, 9.891914 ] } },
{ "type": "Feature", "properties": { "marketLat": 9.911862, "marketLon": 40.015798 }, "geometry": { "type": "Point", "coordinates": [ 40.015798, 9.911862 ] } },
{ "type": "Feature", "properties": { "marketLat": 9.913064, "marketLon": 38.520127 }, "geometry": { "type": "Point", "coordinates": [ 38.520127, 9.913064 ] } },
{ "type": "Feature", "properties": { "marketLat": 9.959688, "marketLon": 36.862882 }, "geometry": { "type": "Point", "coordinates": [ 36.862882, 9.959688 ] } },
{ "type": "Feature", "properties": { "marketLat": 10.000771, "marketLon": 39.902311 }, "geometry": { "type": "Point", "coordinates": [ 39.902311, 10.000771 ] } }
]
}
